CustomerID,R_Score,F_Score,M_Score,Cluster
17850.0,1,4,4,0
13047.0,3,4,4,2
12583.0,4,4,4,2
13748.0,2,3,3,0
15100.0,1,4,2,0
15291.0,3,4,4,2
14688.0,4,4,4,2
17809.0,4,4,4,2
15311.0,4,4,4,2
14527.0,4,4,4,2
16098.0,2,4,4,0
18074.0,1,1,2,1
17420.0,3,2,2,1
16029.0,3,4,4,2
16250.0,1,2,2,1
12431.0,3,4,4,2
17511.0,4,4,4,2
17548.0,1,2,1,1
13705.0,4,2,3,2
13747.0,1,1,1,1
13408.0,4,4,4,2
13767.0,4,4,4,2
17924.0,4,4,4,2
13448.0,4,4,4,2
15862.0,4,3,3,2
15513.0,3,4,4,2
12791.0,1,1,1,1
16218.0,3,4,4,2
14045.0,2,3,4,0
14307.0,2,4,4,0
17908.0,1,1,1,1
17920.0,4,4,4,2
,1,4,4,0
12838.0,3,2,3,0
13255.0,4,2,2,0
16583.0,1,1,1,1
18085.0,1,2,3,0
13758.0,4,4,4,2
13694.0,4,4,4,2
15983.0,3,3,3,0
14849.0,3,4,4,2
17968.0,1,1,1,1
16210.0,4,4,4,2
17897.0,1,3,2,0
17377.0,3,4,4,2
16552.0,1,2,2,1
17181.0,2,2,1,1
17951.0,3,3,3,0
14729.0,1,1,2,1
12748.0,4,4,4,2
15012.0,2,2,2,1
12868.0,1,4,3,0
17572.0,2,3,1,1
14078.0,2,4,3,0
14001.0,3,3,4,2
12662.0,4,4,4,2
15525.0,4,3,3,2
14237.0,1,1,1,1
17905.0,2,3,3,0
15485.0,3,2,4,0
12433.0,4,4,4,2
16955.0,1,3,2,0
15350.0,1,1,1,1
15605.0,3,3,3,0
18144.0,4,4,4,2
15922.0,1,2,2,1
14594.0,4,2,2,0
15165.0,1,1,2,1
14911.0,4,4,4,2
16456.0,2,3,4,0
17841.0,4,4,4,2
12472.0,3,4,4,2
17346.0,4,4,4,2
17643.0,1,1,1,1
17873.0,2,4,4,0
13093.0,1,4,4,0
12921.0,4,4,4,2
13468.0,4,4,4,2
17760.0,3,2,1,1
16928.0,2,4,4,0
16048.0,2,2,1,1
16274.0,1,1,2,1
14496.0,1,2,2,1
14696.0,4,4,4,2
16539.0,4,3,3,2
17025.0,2,2,2,1
13777.0,4,4,4,2
17690.0,3,4,4,2
12947.0,1,4,3,0
17460.0,2,4,2,0
18229.0,4,4,4,2
14142.0,1,1,2,1
17069.0,3,4,4,2
13065.0,1,1,1,1
14606.0,4,4,4,2
16835.0,2,2,1,1
15235.0,1,4,4,0
13576.0,4,4,4,2
18011.0,1,1,1,1
13090.0,4,4,4,2
15694.0,4,4,4,2
14741.0,4,4,3,2
13715.0,1,4,3,0
14092.0,4,4,4,2
17732.0,1,1,2,1
12855.0,1,1,1,1
15752.0,3,4,4,2
17855.0,1,1,1,1
14047.0,4,4,3,2
17925.0,1,1,1,1
13941.0,3,4,4,2
17017.0,4,4,4,2
14135.0,4,4,4,2
13108.0,1,1,2,1
12471.0,4,4,4,2
15601.0,4,4,4,2
13418.0,4,4,4,2
14766.0,4,4,4,2
15658.0,1,4,3,0
14388.0,4,4,4,2
14901.0,4,4,3,2
18041.0,4,4,4,2
15955.0,3,4,4,2
15070.0,1,1,1,1
16244.0,1,2,3,0
15111.0,3,2,3,0
14390.0,4,4,4,2
16546.0,1,2,1,1
15260.0,2,4,4,0
13305.0,4,4,4,2
14491.0,1,2,2,1
14060.0,4,4,4,2
15923.0,1,1,1,1
16752.0,1,1,1,1
17287.0,3,4,3,2
15363.0,1,2,2,1
12915.0,1,2,2,1
15544.0,4,4,4,2
15738.0,3,4,4,2
16042.0,3,4,3,2
17381.0,4,4,4,2
15827.0,2,4,4,0
14180.0,4,4,4,2
13117.0,3,4,3,2
16916.0,3,2,2,1
17964.0,3,2,2,1
14466.0,3,4,4,2
17235.0,3,2,2,1
16510.0,1,1,1,1
17802.0,2,3,3,0
15107.0,1,4,1,1
17976.0,1,1,2,1
14449.0,3,3,3,0
15838.0,4,4,4,2
16781.0,1,2,2,1
17547.0,1,1,1,1
13491.0,2,4,3,0
16186.0,3,4,4,2
17685.0,4,4,4,2
17581.0,4,4,4,2
15732.0,1,2,2,1
13138.0,3,4,3,2
15823.0,1,2,1,1
17567.0,4,4,4,2
15061.0,4,4,4,2
16203.0,2,3,2,0
15640.0,4,4,4,2
15574.0,1,3,3,0
16770.0,2,4,3,0
17838.0,3,4,4,2
17228.0,4,4,4,2
14829.0,3,4,2,2
17412.0,4,4,3,2
14031.0,4,4,4,2
14775.0,2,2,3,0
12971.0,4,4,4,2
15834.0,2,4,4,0
17659.0,4,4,4,2
15299.0,2,4,4,0
15646.0,1,3,2,0
13958.0,1,1,1,1
14443.0,2,4,3,0
14156.0,4,4,4,2
16995.0,1,1,1,1
13402.0,2,2,2,1
18168.0,1,4,3,0
17757.0,4,4,4,2
14625.0,1,3,3,0
13011.0,1,1,1,1
13798.0,4,4,4,2
15384.0,1,2,2,1
14264.0,1,2,2,1
13295.0,1,2,1,1
16754.0,1,1,4,0
16634.0,1,2,1,1
18239.0,1,3,3,0
14576.0,1,1,1,1
13145.0,3,3,2,0
14395.0,4,4,4,2
14865.0,4,2,1,1
15093.0,3,4,4,2
12738.0,1,1,1,1
16150.0,3,4,4,2
17552.0,3,4,3,2
14236.0,2,2,2,1
17961.0,3,4,3,2
14573.0,1,4,3,0
17135.0,4,4,3,2
17396.0,3,4,4,2
14213.0,1,1,1,1
12967.0,4,3,3,2
12686.0,1,1,1,1
14679.0,1,1,1,1
15240.0,3,4,4,2
18225.0,4,4,4,2
13370.0,1,2,3,0
16883.0,1,2,1,1
13520.0,2,4,4,0
12841.0,4,4,4,2
16905.0,4,4,4,2
12427.0,4,3,3,2
17967.0,1,1,1,1
16891.0,4,3,3,2
14589.0,1,1,1,1
14680.0,3,4,4,2
17884.0,4,3,3,2
12557.0,4,3,4,2
14083.0,4,4,3,2
13013.0,4,4,4,2
14210.0,2,4,4,0
16477.0,2,4,4,0
12600.0,3,4,4,2
16013.0,4,4,4,2
17949.0,4,4,4,2
12779.0,3,4,4,2
16926.0,1,1,1,1
17787.0,1,3,4,0
12682.0,4,4,4,2
14723.0,4,4,3,2
17954.0,4,4,4,2
17819.0,2,4,4,0
12712.0,3,4,4,2
15373.0,4,4,4,2
16140.0,2,3,3,0
17198.0,3,2,3,0
17238.0,4,4,4,2
12793.0,1,2,2,1
15769.0,4,4,4,2
14396.0,2,2,2,1
14898.0,3,4,3,2
12725.0,1,1,2,1
16725.0,1,4,3,0
12395.0,4,4,4,2
16455.0,2,4,4,0
13081.0,4,4,4,2
15545.0,2,2,1,1
17243.0,4,4,4,2
15465.0,3,4,4,2
15708.0,3,4,4,2
13089.0,4,4,4,2
16033.0,4,4,4,2
13838.0,4,3,3,2
15351.0,4,4,4,2
18055.0,4,4,4,2
15038.0,3,4,3,2
18109.0,4,4,4,2
13069.0,4,4,4,2
16241.0,4,4,4,2
14800.0,3,4,4,2
16839.0,4,4,4,2
16168.0,4,4,4,2
16931.0,4,4,4,2
16814.0,4,4,4,2
13269.0,4,4,4,2
14813.0,1,2,1,1
12567.0,3,4,4,2
17062.0,1,3,2,0
15332.0,1,3,4,0
14810.0,3,4,4,2
16353.0,4,4,4,2
18118.0,4,4,4,2
13831.0,4,4,4,2
13506.0,1,2,2,1
17796.0,3,3,3,0
15716.0,1,3,3,0
18156.0,4,2,3,2
15221.0,1,2,1,1
16983.0,4,4,4,2
17059.0,3,3,4,2
16327.0,4,4,4,2
17211.0,3,4,4,2
17026.0,1,2,1,1
15570.0,4,4,4,2
15880.0,1,2,2,1
16718.0,1,1,2,1
15808.0,1,3,4,0
17858.0,4,4,4,2
16393.0,4,4,4,2
14161.0,1,2,3,0
17863.0,2,4,4,0
16411.0,3,2,1,1
16402.0,1,2,2,1
15023.0,4,4,4,2
17402.0,4,4,4,2
15426.0,3,4,3,2
12647.0,3,4,4,2
15894.0,1,2,1,1
15867.0,4,4,4,2
14506.0,4,3,4,2
15555.0,4,4,4,2
13034.0,2,2,2,1
15889.0,1,2,2,1
15953.0,4,4,4,2
16143.0,4,4,4,2
12720.0,4,4,4,2
16422.0,4,4,4,2
12747.0,4,4,4,2
15502.0,4,4,4,2
12763.0,2,2,2,1
14081.0,1,3,3,0
17965.0,3,4,4,2
14404.0,3,4,3,2
13579.0,4,2,2,0
13174.0,4,2,4,2
15987.0,4,4,3,2
17677.0,4,4,4,2
13652.0,3,2,3,0
12586.0,4,2,1,1
17428.0,4,4,4,2
16161.0,4,4,4,2
16858.0,1,2,2,1
18219.0,4,4,4,2
14293.0,4,3,3,2
14748.0,3,4,3,2
16638.0,3,4,4,2
17674.0,2,2,2,1
12808.0,3,2,2,1
13094.0,3,4,4,2
15899.0,1,1,1,1
12708.0,3,4,4,2
15898.0,4,4,3,2
17691.0,1,2,1,1
17227.0,3,4,3,2
15039.0,4,4,4,2
15919.0,3,2,2,1
13497.0,1,2,2,1
15860.0,3,4,3,2
14189.0,4,4,4,2
15304.0,2,4,3,0
14867.0,1,3,3,0
14344.0,2,4,3,0
12474.0,4,4,4,2
16719.0,4,4,4,2
15048.0,2,3,2,0
15301.0,2,4,4,0
14708.0,4,3,3,2
16898.0,3,3,2,0
14825.0,4,4,4,2
18113.0,1,1,1,1
17596.0,3,4,4,2
15078.0,4,4,4,2
14085.0,4,4,4,2
17860.0,1,1,1,1
13155.0,3,3,3,0
15028.0,4,3,2,2
16919.0,1,4,4,0
17259.0,1,2,2,1
17019.0,4,3,3,2
14487.0,3,4,3,2
16722.0,4,4,4,2
15882.0,1,3,2,0
14667.0,4,4,4,2
16710.0,3,4,4,2
16550.0,2,4,4,0
15984.0,4,4,4,2
17682.0,4,4,4,2
16658.0,1,1,1,1
17068.0,4,4,4,2
15356.0,3,4,4,2
17223.0,1,2,2,1
16817.0,4,4,3,2
13030.0,4,2,3,2
17191.0,3,4,4,2
15194.0,4,4,4,2
14409.0,2,4,4,0
16654.0,2,3,2,0
16861.0,2,2,1,1
16138.0,1,1,1,1
13481.0,3,4,4,2
13495.0,4,4,4,2
17519.0,4,4,4,2
17218.0,4,4,4,2
17812.0,4,3,3,2
14215.0,4,4,4,2
15602.0,4,4,3,2
17320.0,2,2,3,0
16782.0,4,4,4,2
12913.0,4,3,4,2
17869.0,2,3,2,0
13564.0,1,3,2,0
14850.0,1,2,1,1
15021.0,4,4,4,2
13963.0,1,3,3,0
17450.0,4,4,4,2
17091.0,4,4,4,2
17470.0,3,3,3,0
17616.0,1,2,2,1
15649.0,1,2,3,0
12681.0,4,4,4,2
14907.0,4,4,4,2
17735.0,4,4,4,2
16059.0,2,4,3,0
17720.0,3,3,3,0
15018.0,3,3,2,0
14733.0,4,4,4,2
13756.0,4,4,4,2
14176.0,1,3,2,0
13319.0,4,4,4,2
15353.0,1,2,3,0
18119.0,1,1,1,1
17491.0,4,4,4,2
14282.0,4,4,4,2
13569.0,4,2,2,0
15498.0,4,4,4,2
14673.0,4,3,4,2
13488.0,4,4,4,2
16221.0,3,2,3,0
15002.0,2,3,4,0
15965.0,4,3,3,2
15024.0,4,4,4,2
17675.0,4,4,4,2
13769.0,4,4,4,2
16904.0,4,4,4,2
16086.0,2,4,3,0
13786.0,1,1,1,1
13880.0,3,4,4,2
13173.0,4,2,2,0
15858.0,4,3,3,2
15180.0,1,1,1,1
12347.0,4,4,4,2
14739.0,4,4,4,2
16293.0,4,4,4,2
17419.0,4,4,4,2
16775.0,4,4,4,2
16306.0,1,4,2,0
16950.0,2,2,3,0
17591.0,2,4,4,0
12839.0,4,4,4,2
13807.0,1,1,1,1
16125.0,1,1,1,1
15081.0,3,4,2,2
18102.0,4,4,4,2
16365.0,3,4,3,2
17870.0,4,4,4,2
14821.0,1,1,1,1
16863.0,3,3,2,0
13078.0,4,4,4,2
13267.0,4,4,4,2
13050.0,4,4,4,2
12709.0,4,4,4,2
15628.0,4,4,4,2
12386.0,1,2,2,1
14796.0,4,4,4,2
16779.0,4,4,4,2
13599.0,4,4,4,2
13329.0,3,3,3,0
18077.0,4,4,4,2
14744.0,4,4,3,2
17406.0,1,3,4,0
15750.0,4,4,4,2
13983.0,3,4,4,2
13842.0,2,4,4,0
12441.0,1,1,1,1
13199.0,4,4,4,2
14032.0,4,4,4,2
17706.0,4,4,4,2
16081.0,2,3,4,0
16525.0,4,4,4,2
14952.0,3,4,4,2
17975.0,4,4,4,2
16122.0,2,3,3,0
13126.0,4,4,4,2
15973.0,1,2,1,1
16558.0,4,4,4,2
16713.0,3,4,4,2
16893.0,1,1,1,1
15529.0,3,4,4,2
18043.0,3,2,2,1
16016.0,4,4,3,2
17722.0,2,4,4,0
17324.0,3,3,3,0
17341.0,1,2,3,0
14051.0,4,4,4,2
15916.0,4,4,3,2
16233.0,2,3,2,0
16385.0,2,2,2,1
15032.0,1,3,4,0
17213.0,3,4,4,2
18061.0,3,4,4,2
13113.0,4,4,4,2
16553.0,1,4,4,0
13455.0,3,3,3,0
14217.0,4,4,4,2
17262.0,2,3,3,0
14299.0,4,4,4,2
18259.0,3,2,4,0
17676.0,4,4,3,2
16679.0,1,1,1,1
18269.0,1,2,1,1
12766.0,4,4,4,2
15298.0,4,4,4,2
18193.0,1,2,1,1
13523.0,3,4,4,2
12870.0,1,1,1,1
15005.0,4,4,4,2
15581.0,2,4,4,0
15680.0,4,2,3,2
13649.0,1,2,2,1
17894.0,2,4,3,0
13270.0,1,1,2,1
14618.0,4,3,2,2
14866.0,4,4,4,2
13077.0,4,3,3,2
13115.0,4,4,4,2
13531.0,1,2,2,1
13848.0,2,2,3,0
13140.0,2,2,2,1
15713.0,2,2,2,1
17999.0,3,2,2,1
15347.0,1,1,1,1
17340.0,4,4,4,2
13984.0,3,4,2,2
15996.0,2,4,3,0
14030.0,3,4,4,2
16252.0,1,1,1,1
16596.0,4,2,1,1
16700.0,4,4,4,2
16011.0,4,4,4,2
17655.0,4,4,4,2
16717.0,4,4,4,2
14243.0,4,4,4,2
12963.0,4,4,4,2
15079.0,1,3,3,0
14437.0,2,2,1,1
12942.0,2,2,3,0
15660.0,3,4,3,2
18092.0,4,4,4,2
15358.0,4,4,4,2
12481.0,3,4,4,2
12721.0,3,4,4,2
12621.0,4,4,4,2
18071.0,1,2,2,1
12683.0,4,4,4,2
12755.0,1,3,4,0
13854.0,4,4,4,2
12797.0,1,2,1,1
13369.0,1,2,1,1
12494.0,4,4,3,2
17857.0,4,4,4,2
17411.0,4,3,3,2
14932.0,1,1,2,1
12429.0,4,3,4,2
14987.0,4,2,2,0
14355.0,1,1,1,1
17526.0,4,4,3,2
14896.0,1,2,2,1
14440.0,4,3,4,2
13240.0,2,3,3,0
14479.0,1,2,2,1
16065.0,1,1,2,1
17430.0,3,2,1,1
16520.0,1,3,3,0
15945.0,1,1,1,1
15181.0,2,3,3,0
15856.0,4,4,4,2
13102.0,4,4,4,2
14205.0,4,3,1,1
17702.0,3,4,4,2
15271.0,4,4,4,2
13982.0,3,3,4,2
15288.0,3,3,4,2
17978.0,1,1,2,1
16795.0,1,1,2,1
16519.0,3,2,1,1
17816.0,3,3,1,1
13021.0,4,4,4,2
16255.0,4,4,4,2
17671.0,4,4,3,2
17646.0,1,3,3,0
12649.0,2,3,2,0
16350.0,3,3,3,0
12872.0,1,2,2,1
17339.0,2,2,1,1
18230.0,4,4,4,2
16499.0,1,3,2,0
17097.0,4,4,3,2
15192.0,2,2,3,0
14441.0,4,4,3,2
15279.0,1,2,1,1
16579.0,1,1,1,1
15380.0,4,4,4,2
17442.0,3,4,4,2
17950.0,2,3,2,0
12826.0,4,4,3,2
17456.0,1,1,1,1
17307.0,1,1,1,1
15811.0,4,4,4,2
13327.0,3,4,4,2
17700.0,4,4,4,2
13136.0,3,4,4,2
15535.0,1,4,2,0
12605.0,1,1,1,1
15329.0,3,3,3,0
15211.0,2,2,3,0
15596.0,2,4,3,0
16163.0,1,2,2,1
16907.0,3,3,3,0
17576.0,4,4,4,2
14713.0,4,4,4,2
14702.0,4,4,4,2
13230.0,4,4,4,2
13969.0,4,4,4,2
17530.0,4,4,4,2
15805.0,3,4,4,2
17696.0,3,4,4,2
17076.0,3,2,3,0
17827.0,4,3,4,2
16265.0,4,4,4,2
17880.0,1,1,2,1
13000.0,2,2,2,1
17790.0,3,4,4,2
12731.0,3,4,4,2
14419.0,4,4,3,2
14082.0,1,1,1,1
17912.0,1,4,2,0
15723.0,1,1,1,1
16656.0,3,4,4,2
14037.0,1,2,1,1
14256.0,1,2,3,0
14543.0,4,4,4,2
16062.0,4,3,3,2
18116.0,2,4,3,0
16019.0,4,4,4,2
18178.0,2,4,3,0
18065.0,4,4,4,2
13148.0,3,4,4,2
12989.0,4,4,4,2
14107.0,2,4,4,0
15881.0,1,4,2,0
12785.0,4,2,2,0
16727.0,1,1,1,1
15514.0,4,4,4,2
13787.0,2,2,2,1
17865.0,3,4,4,2
17220.0,3,4,4,2
16565.0,1,1,1,1
16873.0,4,4,4,2
14062.0,4,4,4,2
15179.0,3,4,4,2
18016.0,3,3,3,0
14448.0,4,2,2,0
15503.0,1,1,1,1
17251.0,1,1,1,1
16923.0,4,4,4,2
14159.0,3,4,4,2
17126.0,1,4,3,0
15224.0,1,2,2,1
14577.0,4,3,3,2
12753.0,4,4,4,2
17236.0,4,4,3,2
17372.0,3,4,3,2
16367.0,3,2,3,0
12875.0,2,2,2,1
17917.0,3,2,2,1
16010.0,1,2,2,1
17085.0,2,4,3,0
13668.0,4,4,4,2
14684.0,3,3,3,0
17188.0,4,4,4,2
15547.0,4,4,4,2
15998.0,3,4,4,2
14413.0,1,1,1,1
18004.0,1,1,1,1
13959.0,2,2,2,1
16665.0,1,1,1,1
15454.0,1,1,1,1
15044.0,3,4,4,2
17937.0,4,4,4,2
14608.0,4,3,4,2
17618.0,4,2,3,2
14505.0,4,4,4,2
18037.0,1,4,1,1
13198.0,4,4,4,2
12540.0,3,4,4,2
13225.0,4,4,4,2
15361.0,1,1,2,1
15689.0,2,2,1,1
14290.0,4,4,4,2
13209.0,3,4,4,2
13999.0,4,4,4,2
14498.0,3,3,4,2
15854.0,4,4,4,2
16701.0,4,4,4,2
16927.0,2,2,2,1
17990.0,1,2,2,1
14544.0,3,2,4,0
17338.0,4,4,4,2
17231.0,4,4,4,2
17799.0,3,4,4,2
14565.0,2,4,4,0
16726.0,3,3,3,0
17303.0,1,1,1,1
14639.0,2,4,4,0
17611.0,4,4,4,2
17179.0,1,2,3,0
17524.0,1,1,1,1
12476.0,4,4,4,2
17293.0,4,4,4,2
17890.0,1,2,2,1
17375.0,1,3,2,0
17371.0,4,2,2,0
17969.0,1,2,1,1
15159.0,4,4,4,2
13211.0,4,2,3,2
15777.0,1,3,3,0
14525.0,4,4,4,2
13324.0,3,4,4,2
13802.0,2,4,4,0
13948.0,1,1,1,1
13008.0,1,2,1,1
14206.0,1,2,2,1
16202.0,1,1,2,1
16442.0,4,2,2,0
18075.0,3,4,4,2
15468.0,3,3,2,0
16570.0,4,4,4,2
14524.0,3,4,4,2
18141.0,1,1,1,1
12434.0,2,3,3,0
16810.0,1,2,1,1
14961.0,4,4,4,2
17041.0,3,3,3,0
16458.0,4,4,4,2
16083.0,2,2,3,0
16262.0,1,1,1,1
17194.0,1,2,1,1
14057.0,3,4,4,2
14871.0,4,3,2,2
13178.0,3,4,4,2
18044.0,4,4,4,2
16812.0,1,1,2,1
16191.0,4,4,4,2
12370.0,2,3,4,0
14298.0,4,4,4,2
17158.0,3,2,3,0
14415.0,4,4,4,2
16899.0,4,4,3,2
16531.0,3,4,3,2
17404.0,4,4,4,2
16556.0,2,4,4,0
16805.0,1,2,2,1
16503.0,2,3,3,0
17739.0,4,4,4,2
13238.0,4,3,3,2
12829.0,1,2,1,1
13097.0,3,4,4,2
12867.0,3,4,4,2
15392.0,4,3,3,2
13846.0,3,3,3,0
14401.0,4,4,4,2
16145.0,4,4,4,2
17629.0,4,4,4,2
14150.0,3,2,3,0
13496.0,4,2,2,0
13611.0,2,3,3,0
16954.0,4,4,4,2
17454.0,1,3,2,0
17449.0,4,4,4,2
17230.0,1,4,4,0
12865.0,3,2,3,0
15950.0,4,3,4,2
15512.0,1,2,1,1
17525.0,1,1,2,1
13458.0,4,4,4,2
14426.0,3,4,4,2
16003.0,3,3,4,2
13092.0,2,4,2,0
13426.0,4,4,4,2
15101.0,4,2,2,0
17033.0,2,2,3,0
13221.0,1,2,3,0
14201.0,2,4,3,0
17692.0,2,3,3,0
15822.0,4,2,3,2
16134.0,3,2,2,1
17551.0,1,1,2,1
18050.0,1,1,1,1
14913.0,3,3,3,0
12666.0,1,1,1,1
15641.0,2,3,4,0
13124.0,2,2,4,0
17214.0,2,4,3,0
15456.0,1,2,2,1
15062.0,2,3,3,0
12928.0,3,3,4,2
15727.0,4,4,4,2
17980.0,1,2,3,0
15290.0,4,4,4,2
17752.0,1,1,1,1
15615.0,4,4,4,2
12577.0,3,3,2,0
17044.0,4,2,3,2
13829.0,1,1,1,1
17633.0,3,4,3,2
13266.0,4,4,4,2
17820.0,1,2,1,1
15664.0,2,2,2,1
17189.0,2,2,2,1
17496.0,1,1,1,1
16607.0,3,4,4,2
13317.0,2,4,4,0
13890.0,4,4,4,2
17001.0,4,4,4,2
15246.0,1,2,2,1
16996.0,3,4,3,2
15482.0,4,4,4,2
16037.0,1,2,3,0
14841.0,2,4,4,0
16670.0,4,4,4,2
16985.0,4,4,4,2
16705.0,4,4,4,2
16470.0,2,3,3,0
14414.0,2,4,3,0
15563.0,4,4,3,2
12980.0,1,4,4,0
16746.0,4,4,4,2
14878.0,4,4,3,2
16743.0,3,4,4,2
17146.0,2,2,3,0
12877.0,4,4,3,2
15394.0,4,3,4,2
14621.0,4,4,4,2
15379.0,1,4,4,0
14309.0,4,4,4,2
17288.0,4,4,3,2
14709.0,4,4,4,2
15157.0,4,3,4,2
17744.0,4,4,4,2
16316.0,2,4,4,0
15620.0,3,4,3,2
15789.0,1,1,2,1
16560.0,3,2,3,0
13534.0,4,4,4,2
17580.0,1,2,1,1
14777.0,4,2,1,1
15759.0,1,2,1,1
14373.0,1,1,1,1
18176.0,1,2,2,1
15366.0,2,2,2,1
14735.0,4,4,4,2
16271.0,4,4,3,2
18223.0,4,4,4,2
15532.0,3,4,3,2
16816.0,2,3,2,0
16684.0,4,4,4,2
14334.0,4,4,4,2
16945.0,3,4,4,2
14643.0,1,2,3,0
15197.0,4,3,3,2
14220.0,1,2,2,1
13874.0,1,1,2,1
18260.0,1,4,4,0
17848.0,2,4,3,0
17392.0,1,2,2,1
12348.0,2,3,4,0
14985.0,1,2,2,1
13004.0,4,4,4,2
14560.0,4,4,4,2
12931.0,3,4,4,2
13627.0,2,4,4,0
12551.0,1,1,1,1
12782.0,4,4,4,2
14769.0,4,4,4,2
15780.0,1,2,2,1
12417.0,4,4,4,2
17315.0,4,4,4,2
16711.0,4,3,4,2
12726.0,3,4,4,2
15204.0,1,1,2,1
17888.0,3,4,2,2
17007.0,2,4,3,0
15160.0,1,1,1,1
14016.0,1,3,4,0
13033.0,1,1,1,1
12691.0,3,4,3,2
13869.0,2,3,4,0
14146.0,4,4,4,2
12705.0,4,4,4,2
16885.0,4,2,2,0
17913.0,2,2,2,1
12668.0,4,4,4,2
14472.0,2,4,4,0
17358.0,1,2,2,1
16686.0,3,4,4,2
18245.0,4,4,4,2
17343.0,1,1,1,1
18256.0,1,1,1,1
16153.0,3,3,4,2
12377.0,1,2,4,0
14646.0,4,4,4,2
12944.0,3,2,2,1
15312.0,2,3,3,0
14099.0,4,4,4,2
14113.0,4,4,3,2
13104.0,4,4,3,2
17204.0,1,4,3,0
13027.0,2,4,4,0
17621.0,3,3,3,0
17090.0,4,4,4,2
14119.0,1,1,1,1
15527.0,3,4,4,2
18097.0,4,4,4,2
15460.0,1,1,1,1
15034.0,4,4,4,2
12423.0,4,4,4,2
12678.0,3,4,4,2
15208.0,4,4,3,2
17306.0,4,4,4,2
14737.0,4,2,3,2
13029.0,3,2,3,0
16270.0,1,1,3,1
13487.0,2,2,2,1
12515.0,1,1,2,1
17400.0,2,3,4,0
17593.0,4,4,4,2
13953.0,4,4,4,2
14533.0,3,4,4,2
12734.0,1,1,1,1
14944.0,3,4,4,2
17239.0,1,2,2,1
14532.0,1,3,3,0
12383.0,1,4,4,0
15562.0,1,1,1,1
15587.0,3,3,3,0
13922.0,1,1,1,1
13817.0,3,2,2,1
12585.0,1,3,4,0
13165.0,3,2,3,0
13304.0,1,1,2,1
13313.0,3,3,3,0
16875.0,2,4,4,0
16282.0,1,1,1,1
12957.0,4,4,4,2
14462.0,2,4,4,0
13397.0,2,4,3,0
13680.0,4,3,4,2
12483.0,4,4,4,2
15164.0,2,2,3,0
17457.0,2,3,4,0
14732.0,4,4,4,2
14221.0,3,4,4,2
14553.0,3,3,3,0
13253.0,1,2,3,0
17389.0,4,4,4,2
12578.0,3,3,4,2
15841.0,2,4,3,0
16112.0,2,3,1,1
13629.0,3,4,4,2
16600.0,4,4,3,2
15661.0,1,2,2,1
16532.0,3,2,4,0
15266.0,1,1,1,1
14653.0,4,4,4,2
16771.0,3,3,4,2
17585.0,2,3,3,0
15046.0,4,4,4,2
13082.0,2,4,4,0
15464.0,1,1,3,1
18226.0,3,4,4,2
18062.0,1,2,3,0
12415.0,3,4,4,2
12503.0,1,1,1,1
17368.0,3,4,3,2
14258.0,4,4,4,2
15719.0,3,4,4,2
13368.0,1,2,2,1
17634.0,3,4,4,2
16676.0,3,3,3,0
16424.0,1,2,1,1
18283.0,4,4,4,2
12735.0,1,2,3,0
13764.0,2,2,3,0
13656.0,1,2,2,1
12413.0,2,3,3,0
14312.0,3,4,3,2
13280.0,2,2,3,0
15845.0,3,4,4,2
16094.0,4,4,3,2
13187.0,1,1,1,1
16567.0,1,2,3,0
14828.0,1,2,4,0
12530.0,2,3,4,0
16551.0,2,2,3,0
16889.0,1,2,3,0
16473.0,1,3,2,0
13750.0,2,3,4,0
12501.0,1,2,4,0
15607.0,1,1,1,1
15139.0,1,2,1,1
12489.0,1,1,2,1
17707.0,1,2,1,1
18198.0,4,4,4,2
12484.0,3,4,4,2
18179.0,4,4,4,2
17284.0,2,4,4,0
13233.0,2,2,2,1
14889.0,1,1,1,1
12480.0,3,3,4,2
14672.0,1,2,3,0
13593.0,2,4,4,0
13162.0,2,3,4,0
13183.0,4,4,4,2
17095.0,3,4,3,2
12939.0,2,4,4,0
15611.0,4,4,3,2
17114.0,4,4,3,2
15059.0,3,4,3,2
16326.0,4,4,4,2
17128.0,1,1,1,1
14761.0,2,2,1,1
17555.0,3,2,2,1
12651.0,1,1,1,1
16735.0,2,4,4,0
16833.0,4,3,3,2
17800.0,3,4,3,2
16748.0,3,3,3,0
14755.0,4,4,4,2
16549.0,4,4,4,2
13565.0,3,2,1,1
15799.0,2,2,3,0
18032.0,1,1,1,1
13451.0,3,4,4,2
14794.0,4,4,3,2
12539.0,3,3,4,2
12500.0,3,4,4,2
18171.0,2,4,3,0
16279.0,3,3,3,0
12524.0,4,4,4,2
17811.0,4,4,4,2
16850.0,1,1,2,1
14321.0,4,3,3,2
15326.0,1,1,2,1
17849.0,1,3,2,0
13672.0,1,4,1,1
14229.0,2,3,3,0
13107.0,3,3,3,0
16497.0,3,4,4,2
16303.0,3,3,4,2
15281.0,2,4,4,0
12736.0,1,1,1,1
13473.0,2,2,2,1
14320.0,1,2,2,1
12393.0,2,3,3,0
17742.0,2,2,2,1
16351.0,1,1,1,1
12601.0,1,4,2,0
13144.0,1,1,1,1
15346.0,1,1,1,1
15370.0,3,4,4,2
12643.0,2,4,4,0
14295.0,3,2,1,1
16034.0,1,2,2,1
17365.0,4,4,4,2
15189.0,4,4,4,2
14669.0,1,2,3,0
18095.0,1,2,2,1
15518.0,2,4,4,0
15749.0,1,3,4,0
14209.0,4,4,4,2
15569.0,2,3,3,0
12728.0,2,3,3,0
17569.0,1,1,2,1
13784.0,4,4,4,2
12724.0,4,3,3,2
13862.0,3,4,4,2
16791.0,3,4,4,2
16235.0,3,4,3,2
14270.0,1,1,2,1
12665.0,1,2,1,1
12523.0,4,4,4,2
16655.0,3,4,4,2
16359.0,4,4,3,2
16554.0,4,4,2,2
12359.0,4,4,4,2
15939.0,2,4,4,0
14587.0,3,4,3,2
14715.0,3,3,3,0
14185.0,1,1,1,1
12437.0,4,4,4,2
14040.0,3,4,4,2
12652.0,1,2,3,0
14514.0,2,2,3,0
15171.0,1,2,3,0
14167.0,3,3,2,0
17048.0,2,4,3,0
17364.0,4,4,4,2
13284.0,1,2,1,1
16500.0,4,4,2,2
12951.0,4,4,3,2
15835.0,3,3,3,0
18190.0,1,2,1,1
13993.0,3,4,4,2
14114.0,1,2,2,1
15447.0,1,1,1,1
16315.0,1,1,1,1
14978.0,2,3,4,0
16395.0,2,3,3,0
15510.0,1,1,1,1
13614.0,3,3,3,0
13246.0,3,4,4,2
15687.0,4,4,4,2
16493.0,2,4,3,0
12490.0,4,4,4,2
12672.0,1,1,1,1
13385.0,1,1,2,1
15626.0,2,2,3,0
12553.0,4,4,4,2
15213.0,1,2,2,1
14175.0,2,4,4,0
18106.0,1,1,2,1
15033.0,4,4,4,2
14329.0,4,4,4,2
16401.0,4,4,4,2
16206.0,2,3,2,0
13782.0,4,4,3,2
12924.0,2,3,3,0
16593.0,2,2,2,1
13700.0,3,4,4,2
13064.0,4,3,3,2
13048.0,4,3,4,2
18069.0,3,4,4,2
13634.0,3,3,3,0
16843.0,3,4,4,2
17064.0,2,2,3,0
17609.0,3,4,3,2
15673.0,2,3,4,0
12626.0,3,4,4,2
14976.0,2,4,3,0
12388.0,4,4,4,2
13527.0,3,4,4,2
15696.0,3,4,4,2
15316.0,1,1,1,1
12673.0,4,2,2,0
15296.0,3,4,4,2
17988.0,4,4,1,2
12820.0,4,3,3,2
13001.0,4,4,4,2
14101.0,2,4,4,0
14238.0,1,1,1,1
17730.0,4,4,4,2
13929.0,1,2,3,0
14657.0,3,3,3,0
13859.0,1,1,1,1
18212.0,1,1,1,1
14292.0,4,4,4,2
13883.0,4,4,4,2
18233.0,1,1,2,1
17018.0,3,2,3,0
14242.0,1,2,1,1
12356.0,3,2,4,0
12346.0,1,2,1,1
13898.0,1,1,1,1
16948.0,2,2,2,1
16997.0,1,2,3,0
12527.0,2,2,2,1
15395.0,1,1,1,1
12510.0,2,2,3,0
13693.0,1,2,1,1
13263.0,4,4,4,2
14428.0,4,4,3,2
12451.0,4,4,4,2
12422.0,2,2,3,0
17708.0,1,2,1,1
14090.0,1,1,1,1
15606.0,2,4,4,0
15831.0,2,3,3,0
13310.0,4,4,3,2
14916.0,2,3,3,0
17602.0,4,4,4,2
14572.0,4,4,4,2
13502.0,4,2,1,1
14784.0,3,2,1,1
15938.0,2,3,2,0
12637.0,2,4,4,0
17418.0,3,2,2,1
14779.0,1,2,2,1
16321.0,2,4,1,0
15262.0,1,1,1,1
17862.0,1,1,2,1
16892.0,4,4,2,2
12402.0,1,1,1,1
17771.0,2,2,1,1
15422.0,1,2,1,1
14770.0,1,2,3,0
16912.0,3,4,4,2
15174.0,1,1,1,1
14895.0,4,4,4,2
12594.0,3,4,4,2
17504.0,1,4,4,0
16387.0,1,1,1,1
12664.0,4,4,4,2
16618.0,3,4,4,2
17277.0,1,2,3,0
14088.0,4,4,4,2
17094.0,1,2,1,1
14692.0,2,3,2,0
12970.0,4,3,2,2
17889.0,1,2,1,1
17644.0,4,4,4,2
17714.0,1,1,1,1
12916.0,2,3,4,0
17769.0,4,4,4,2
14450.0,1,2,2,1
16085.0,3,3,3,0
13659.0,1,2,3,0
15167.0,1,1,1,1
15443.0,4,4,4,2
14224.0,2,3,3,0
13742.0,4,4,4,2
17673.0,4,4,4,2
12727.0,4,4,4,2
14068.0,1,1,1,1
13068.0,4,2,2,0
14368.0,1,1,1,1
15497.0,3,2,3,0
12559.0,1,2,2,1
13819.0,1,2,3,0
14501.0,2,2,1,1
14782.0,1,1,1,1
17861.0,4,4,4,2
14439.0,1,1,4,0
18161.0,4,4,4,2
15820.0,1,1,1,1
18136.0,2,3,3,0
16660.0,4,3,3,2
12693.0,2,4,3,0
12625.0,1,2,4,0
13396.0,3,3,3,0
12935.0,4,4,4,2
16730.0,2,3,3,0
14541.0,2,4,3,0
13551.0,1,1,1,1
12421.0,4,3,3,2
15797.0,2,3,4,0
15052.0,1,1,1,1
14130.0,1,1,2,1
15222.0,1,1,2,1
13615.0,1,2,2,1
13901.0,2,3,4,0
13158.0,2,3,3,0
14257.0,2,4,4,0
15218.0,4,4,4,2
15110.0,3,4,3,2
14534.0,4,4,4,2
15967.0,3,2,2,1
16757.0,1,1,1,1
12854.0,2,3,3,0
13815.0,3,3,4,2
18008.0,2,4,4,0
18277.0,2,2,1,1
14389.0,4,3,3,2
13703.0,1,1,1,1
15339.0,2,2,2,1
12744.0,2,4,4,0
16222.0,1,1,3,1
14341.0,3,4,4,2
13168.0,3,3,3,0
16943.0,1,2,3,0
17515.0,3,3,2,0
17082.0,3,2,4,0
14248.0,1,1,2,1
12609.0,2,2,3,0
13002.0,1,1,1,1
16133.0,4,4,4,2
13049.0,2,2,3,0
14548.0,1,2,3,0
13405.0,2,2,2,1
14049.0,4,4,4,2
16043.0,3,3,3,0
15812.0,2,3,4,0
13837.0,1,2,1,1
17118.0,1,1,1,1
14616.0,1,2,2,1
14233.0,3,3,3,0
17075.0,3,3,3,0
16714.0,1,3,3,0
13098.0,4,4,4,2
17027.0,2,4,3,0
12591.0,1,1,2,1
17786.0,2,2,1,1
16124.0,1,2,1,1
16409.0,3,3,4,2
13754.0,1,2,1,1
15227.0,3,3,3,0
12997.0,3,4,3,2
15215.0,3,4,2,2
16918.0,3,4,3,2
16882.0,2,2,3,0
14442.0,4,3,3,2
16496.0,4,3,3,2
12764.0,1,1,4,0
17311.0,2,2,3,0
15910.0,4,4,3,2
16949.0,4,4,3,2
14970.0,2,3,3,0
14701.0,4,4,4,2
12645.0,3,3,4,2
12468.0,2,2,3,0
16767.0,3,4,4,2
14738.0,3,4,3,2
17540.0,4,2,2,0
14239.0,3,4,4,2
18125.0,3,3,3,0
13328.0,1,1,3,1
15549.0,2,3,4,0
15864.0,3,4,4,2
14662.0,3,3,3,0
17180.0,2,4,3,0
15057.0,1,2,3,0
12574.0,1,1,1,1
13330.0,2,2,3,0
13552.0,2,4,4,0
12853.0,2,4,4,0
13538.0,3,4,3,2
16755.0,2,3,3,0
14133.0,2,3,2,0
16523.0,4,4,4,2
14659.0,4,4,4,2
13141.0,2,4,4,0
15365.0,3,4,3,2
13707.0,1,2,3,0
13709.0,4,4,4,2
17329.0,4,2,2,0
14805.0,4,3,2,2
16897.0,1,2,1,1
15579.0,2,2,2,1
14595.0,3,4,4,2
13161.0,1,1,1,1
15415.0,1,1,2,1
17431.0,1,1,2,1
17463.0,4,4,4,2
14502.0,3,4,4,2
12528.0,4,4,4,2
15448.0,1,1,2,1
17314.0,3,4,4,2
17373.0,3,3,2,0
18145.0,4,3,4,2
14467.0,3,3,2,0
12908.0,2,3,1,1
15144.0,4,4,4,2
14776.0,2,4,4,0
16403.0,1,2,1,1
16407.0,4,4,4,2
17619.0,1,1,1,1
12778.0,3,4,3,2
17256.0,2,2,1,1
17604.0,1,2,2,1
14006.0,2,2,3,0
13600.0,1,1,1,1
15058.0,3,4,4,2
17147.0,3,4,4,2
13881.0,4,4,4,2
16612.0,3,3,3,0
14627.0,1,1,1,1
17356.0,1,1,1,1
12477.0,3,4,4,2
12836.0,2,3,4,0
13939.0,3,3,2,0
16745.0,2,4,4,0
13606.0,3,2,1,1
13494.0,1,1,2,1
12929.0,2,2,1,1
16419.0,2,4,3,0
17035.0,1,2,2,1
15203.0,3,4,4,2
16515.0,2,3,4,0
12373.0,1,1,2,1
18202.0,1,2,3,0
12775.0,4,4,3,2
14549.0,1,1,1,1
15981.0,3,4,4,2
16110.0,3,2,3,0
17376.0,2,2,1,1
13110.0,3,4,3,2
16716.0,1,2,2,1
12676.0,3,4,3,2
15940.0,1,2,1,1
15971.0,3,4,4,2
14665.0,2,4,3,0
14457.0,1,1,1,1
15589.0,1,3,2,0
14411.0,1,1,3,1
17560.0,2,3,3,0
15226.0,1,1,1,1
14460.0,2,3,2,0
16156.0,4,4,4,2
13728.0,3,4,3,2
14127.0,2,2,3,0
16378.0,1,2,2,1
13894.0,3,3,2,0
13824.0,3,3,4,2
18250.0,1,2,2,1
15270.0,4,4,4,2
14188.0,4,4,4,2
18017.0,2,2,2,1
15421.0,2,3,3,0
17446.0,1,2,1,1
12414.0,1,2,2,1
14798.0,2,2,1,1
12990.0,3,2,2,1
12350.0,1,1,2,1
16992.0,4,4,3,2
17337.0,1,4,4,0
16405.0,1,2,1,1
17071.0,4,4,4,2
13873.0,2,3,2,0
17362.0,1,2,2,1
13394.0,4,4,4,2
12502.0,2,3,4,0
16333.0,4,4,4,2
16030.0,1,1,2,1
14044.0,3,3,3,0
13800.0,1,1,2,1
17672.0,3,3,4,2
12464.0,4,4,3,2
13581.0,1,1,1,1
14540.0,4,2,3,2
13539.0,2,3,2,0
15885.0,2,2,2,1
14497.0,1,2,2,1
17507.0,1,2,2,1
13208.0,2,4,3,0
17334.0,1,2,2,1
13871.0,3,4,4,2
16938.0,4,3,4,2
12754.0,1,3,4,0
12410.0,1,2,3,0
17929.0,4,3,3,2
14778.0,2,2,3,0
17517.0,1,1,1,1
17226.0,1,1,2,1
13137.0,4,4,4,2
13725.0,3,4,4,2
13309.0,4,3,3,2
12842.0,2,2,3,0
16109.0,1,2,2,1
17291.0,1,1,2,1
15090.0,1,1,2,1
15199.0,2,3,3,0
13911.0,2,4,4,0
14194.0,4,4,4,2
14842.0,3,4,4,2
13584.0,1,1,1,1
17105.0,1,2,3,0
14438.0,1,1,1,1
12956.0,1,1,1,1
15781.0,3,3,2,0
14410.0,4,4,2,2
14600.0,1,1,2,1
17302.0,4,4,3,2
17613.0,3,4,4,2
13334.0,2,2,4,0
13955.0,1,2,2,1
17162.0,3,4,4,2
17774.0,2,3,3,0
13809.0,1,1,1,1
15407.0,3,3,3,0
15577.0,1,2,1,1
16332.0,3,4,3,2
14048.0,1,2,2,1
14475.0,2,4,3,0
17859.0,1,1,1,1
12576.0,3,4,3,2
15753.0,1,1,1,1
12599.0,3,4,3,2
14562.0,4,4,4,2
16951.0,2,3,3,0
16998.0,1,4,1,1
13133.0,1,2,1,1
17881.0,1,1,1,1
15843.0,1,1,1,1
17083.0,2,2,3,0
15970.0,1,1,2,1
13590.0,4,4,4,2
17537.0,3,2,3,0
12401.0,1,1,1,1
12462.0,4,3,3,2
17843.0,1,1,1,1
13706.0,1,1,2,1
17940.0,3,4,4,2
17686.0,4,4,4,2
14431.0,1,2,2,1
15809.0,3,4,2,2
12561.0,1,1,1,1
14465.0,1,2,3,0
18093.0,2,3,4,0
16027.0,2,4,3,0
12857.0,1,2,3,0
16425.0,1,1,2,1
16842.0,2,3,3,0
15796.0,4,4,4,2
14555.0,2,2,2,1
15114.0,3,4,4,2
15133.0,2,2,3,0
17705.0,4,4,4,2
18087.0,2,3,4,0
12897.0,1,2,1,1
17512.0,3,4,4,2
15550.0,4,3,2,2
14676.0,3,4,4,2
12505.0,1,1,1,1
18159.0,1,1,2,1
14304.0,1,2,1,1
15638.0,1,1,1,1
12943.0,1,1,1,1
13875.0,2,3,4,0
15406.0,3,3,2,0
18084.0,4,2,1,1
17282.0,2,2,4,0
16434.0,3,4,3,2
17050.0,2,4,4,0
13171.0,4,3,2,2
17472.0,1,2,3,0
17255.0,3,2,2,1
16084.0,1,1,2,1
17667.0,2,3,4,0
12507.0,2,3,3,0
14631.0,2,2,3,0
13381.0,3,4,4,2
15236.0,1,1,2,1
13475.0,1,3,3,0
17829.0,1,1,3,1
13717.0,3,4,3,2
13157.0,3,3,4,2
14644.0,4,3,3,2
12993.0,3,3,2,0
17571.0,3,3,3,0
16979.0,4,4,4,2
16738.0,1,1,1,1
15122.0,2,4,4,0
17612.0,2,4,4,0
17348.0,4,3,3,2
13893.0,1,1,3,1
14035.0,3,3,3,0
13623.0,3,4,3,2
14346.0,2,2,3,0
16431.0,1,2,2,1
12616.0,2,3,3,0
16317.0,2,2,3,0
14935.0,1,1,4,0
16073.0,1,2,1,1
14477.0,3,3,3,0
14760.0,1,2,1,1
14897.0,4,3,3,2
15810.0,2,4,3,0
16509.0,1,1,2,1
14386.0,1,1,1,1
12455.0,2,4,4,0
14530.0,3,4,4,2
15670.0,1,1,1,1
12653.0,1,2,4,0
16126.0,3,3,4,2
14609.0,2,3,2,0
13414.0,2,2,3,0
12823.0,2,3,4,0
12352.0,3,4,3,2
12372.0,2,2,3,0
16494.0,1,1,3,1
14959.0,2,3,3,0
16148.0,1,1,1,1
17422.0,4,4,4,2
17175.0,3,3,3,0
18257.0,3,4,4,2
12362.0,4,4,4,2
13018.0,4,4,4,2
13718.0,1,2,2,1
15382.0,4,4,4,2
14754.0,3,2,2,1
13151.0,1,2,3,0
12654.0,4,3,2,2
13085.0,1,2,1,1
15903.0,4,4,4,2
15785.0,3,4,4,2
18138.0,1,1,1,1
14379.0,3,2,2,1
14211.0,2,4,4,0
14371.0,1,1,1,1
13425.0,2,2,4,0
12852.0,1,2,2,1
15228.0,2,3,4,0
13012.0,4,4,3,2
16182.0,2,3,4,0
13489.0,2,3,2,0
12714.0,4,3,4,2
13904.0,3,2,2,1
15755.0,4,4,4,2
13932.0,1,1,2,1
13799.0,2,2,3,0
13951.0,1,2,3,0
16765.0,1,1,1,1
18172.0,4,4,4,2
16566.0,4,4,2,2
12891.0,1,2,2,1
16466.0,3,4,3,2
16115.0,4,4,4,2
14162.0,1,2,1,1
13301.0,2,3,2,0
14803.0,1,2,3,0
13744.0,2,2,3,0
12988.0,1,1,2,1
17323.0,4,4,3,2
12707.0,1,1,2,1
18094.0,2,4,4,0
15129.0,3,4,4,2
17361.0,3,2,2,1
18155.0,2,3,2,0
15321.0,3,3,4,2
13477.0,3,4,3,2
15065.0,3,4,4,2
16980.0,1,2,3,0
15146.0,1,2,3,0
12365.0,1,2,2,1
13410.0,4,4,3,2
13044.0,1,1,2,1
16441.0,2,2,2,1
16014.0,3,3,3,0
14520.0,4,2,1,1
17994.0,2,4,2,0
13038.0,2,2,3,0
17002.0,2,3,3,0
15722.0,3,4,4,2
16349.0,1,1,1,1
16913.0,1,1,1,1
18114.0,1,1,1,1
15303.0,1,1,2,1
12845.0,1,3,2,0
18188.0,4,3,4,2
16045.0,2,3,3,0
16573.0,2,3,3,0
13421.0,3,2,4,0
18196.0,2,2,3,0
13285.0,3,3,4,2
13184.0,4,4,4,2
18151.0,2,2,3,0
13804.0,3,4,4,2
17499.0,1,1,2,1
15397.0,1,1,1,1
14276.0,2,3,3,0
13453.0,1,2,2,1
16394.0,3,4,3,2
17711.0,4,2,2,0
13865.0,2,3,2,0
16940.0,2,2,4,0
14289.0,4,4,3,2
16208.0,3,2,3,0
17063.0,4,4,3,2
13149.0,4,3,4,2
18068.0,1,1,1,1
15932.0,4,4,4,2
16692.0,1,2,3,0
15590.0,1,1,1,1
17171.0,1,1,1,1
18231.0,1,4,4,0
14004.0,3,4,4,2
17139.0,4,4,4,2
14513.0,2,3,2,0
13118.0,3,4,3,2
15974.0,3,4,4,2
17830.0,4,2,2,0
12565.0,1,2,1,1
12582.0,1,2,2,1
14231.0,1,3,3,0
17867.0,3,4,2,2
14880.0,2,2,3,0
15121.0,3,2,2,1
17117.0,1,1,1,1
12945.0,1,1,2,1
18056.0,1,1,2,1
16072.0,1,1,2,1
16838.0,1,2,2,1
15543.0,1,1,1,1
13751.0,1,1,2,1
15847.0,3,2,2,1
13851.0,2,2,4,0
13501.0,1,2,3,0
12633.0,2,3,4,0
13345.0,1,2,2,1
13870.0,4,4,4,2
17034.0,4,3,3,2
16592.0,4,4,4,2
15712.0,4,3,3,2
13362.0,4,3,4,2
14470.0,4,2,2,0
17388.0,2,3,3,0
16841.0,3,4,4,2
13753.0,1,1,3,1
13666.0,2,2,1,1
12361.0,1,1,1,1
14481.0,1,2,2,1
13792.0,2,2,1,1
17663.0,3,4,4,2
13973.0,1,1,1,1
15990.0,3,2,3,0
13493.0,1,2,2,1
13684.0,1,2,1,1
13261.0,1,2,3,0
16598.0,1,2,1,1
14147.0,3,2,2,1
15951.0,4,2,3,2
13971.0,4,4,4,2
17516.0,4,3,3,2
13630.0,4,4,4,2
14157.0,3,2,2,1
13636.0,3,4,3,2
13610.0,4,4,3,2
14745.0,2,4,3,0
12781.0,3,3,3,0
14036.0,1,1,2,1
16057.0,4,4,4,2
15724.0,1,2,1,1
12458.0,2,2,3,0
12598.0,4,4,4,2
13675.0,1,2,2,1
14227.0,3,4,4,2
16668.0,4,4,2,2
16667.0,2,2,2,1
13509.0,4,4,3,2
15874.0,2,4,4,0
16187.0,3,4,4,2
16339.0,1,1,1,1
12509.0,1,1,1,1
14046.0,1,1,1,1
13292.0,3,2,2,1
16427.0,1,2,1,1
14056.0,4,4,4,2
15656.0,3,3,3,0
12811.0,1,2,2,1
16518.0,2,2,2,1
17165.0,1,1,1,1
17462.0,2,2,3,0
14620.0,1,2,2,1
14740.0,1,3,3,0
16462.0,2,3,1,1
12428.0,3,4,4,2
16078.0,1,1,1,1
16915.0,4,4,2,2
15676.0,4,3,4,2
15709.0,1,1,1,1
15241.0,2,4,4,0
12933.0,3,3,2,0
15092.0,1,2,2,1
12679.0,2,4,3,0
15319.0,1,1,1,1
16212.0,3,2,3,0
15257.0,1,2,1,1
14656.0,1,2,1,1
13884.0,4,4,3,2
12866.0,1,1,2,1
13166.0,1,2,2,1
16389.0,2,3,3,0
15416.0,2,3,4,0
15733.0,1,1,1,1
16678.0,4,4,4,2
12834.0,1,1,2,1
13722.0,2,3,4,0
14934.0,2,2,4,0
15067.0,2,2,4,0
16128.0,3,3,4,2
17770.0,1,3,3,0
15622.0,4,4,4,2
14473.0,2,2,1,1
15104.0,1,2,3,0
15643.0,1,4,2,0
16792.0,1,2,1,1
15031.0,4,3,3,2
15636.0,2,2,3,0
12873.0,1,1,2,1
17923.0,1,1,1,1
16217.0,1,3,1,1
17738.0,3,3,4,2
17426.0,4,4,4,2
16957.0,1,2,2,1
16571.0,4,3,3,2
14483.0,1,2,1,1
15087.0,1,1,2,1
16709.0,2,3,4,0
17856.0,4,4,3,2
15053.0,4,2,3,2
18218.0,1,3,2,0
16159.0,1,1,2,1
17995.0,1,1,1,1
17374.0,1,2,2,1
17789.0,1,1,1,1
17416.0,3,4,4,2
17652.0,3,4,4,2
13476.0,1,3,3,0
12817.0,1,1,1,1
15393.0,4,2,1,1
13014.0,4,4,4,2
17508.0,1,1,2,1
13931.0,2,2,3,0
12541.0,3,2,3,0
13382.0,1,1,1,1
15220.0,2,4,4,0
14570.0,1,2,1,1
14447.0,3,3,3,0
13557.0,3,2,2,1
16449.0,1,2,3,0
12547.0,1,2,1,1
17325.0,1,1,1,1
14995.0,3,2,1,1
16414.0,3,2,1,1
15681.0,3,4,3,2
14670.0,1,2,2,1
15675.0,2,2,2,1
12584.0,4,4,4,2
17535.0,1,1,1,1
15400.0,2,4,3,0
14903.0,3,4,4,2
14499.0,3,2,3,0
18211.0,3,3,2,0
14504.0,3,3,3,0
15572.0,4,4,4,2
17107.0,3,4,4,2
14247.0,1,1,1,1
15554.0,1,1,1,1
14915.0,2,2,1,1
16136.0,2,2,3,0
18280.0,1,1,1,1
12614.0,1,1,2,1
13344.0,2,2,4,0
16621.0,2,3,3,0
16225.0,3,3,3,0
14214.0,3,4,3,2
14012.0,1,1,2,1
16356.0,1,3,1,1
17654.0,1,1,1,1
15026.0,2,2,2,1
16517.0,1,1,1,1
14817.0,1,2,3,0
17092.0,3,3,4,2
16242.0,4,4,4,2
15869.0,1,2,1,1
17817.0,4,2,2,0
15234.0,1,1,1,1
15764.0,2,4,4,0
15806.0,3,2,3,0
15819.0,3,3,4,2
14586.0,1,2,1,1
15944.0,1,1,2,1
13340.0,3,4,4,2
16917.0,1,1,2,1
14407.0,2,4,4,0
13908.0,2,3,4,0
12758.0,2,2,4,0
13975.0,3,4,4,2
14730.0,4,4,4,2
12623.0,1,1,2,1
14367.0,4,4,4,2
13373.0,2,2,4,0
16712.0,4,4,4,2
17639.0,1,1,1,1
16426.0,4,4,4,2
16495.0,4,2,3,2
14336.0,4,3,4,2
14507.0,3,4,3,2
12759.0,2,2,3,0
17049.0,4,4,4,2
15206.0,4,3,2,2
14013.0,2,2,2,1
14645.0,1,2,2,1
15071.0,2,2,3,0
14112.0,3,4,4,2
13026.0,4,4,3,2
12881.0,1,1,2,1
17864.0,4,2,2,0
14936.0,4,4,4,2
17138.0,1,1,2,1
16572.0,2,3,3,0
14165.0,1,1,1,1
15367.0,2,3,4,0
14291.0,4,4,4,2
15632.0,4,4,4,2
14297.0,3,4,3,2
13899.0,4,2,2,0
16471.0,1,1,1,1
18183.0,1,4,2,0
14603.0,1,1,3,1
18173.0,2,3,4,0
14854.0,2,4,4,0
16625.0,1,1,2,1
14064.0,3,4,3,2
15308.0,1,2,2,1
18086.0,1,1,1,1
14350.0,1,2,1,1
14930.0,2,2,4,0
16080.0,2,2,1,1
14727.0,1,1,1,1
16778.0,2,2,1,1
14077.0,3,3,2,0
16808.0,2,2,1,1
16475.0,2,3,2,0
13265.0,2,3,4,0
12520.0,2,4,4,0
15049.0,1,1,1,1
18149.0,2,2,2,1
13654.0,3,4,4,2
16652.0,2,4,4,0
16766.0,1,2,3,0
16801.0,1,3,3,0
17164.0,3,4,4,2
13226.0,1,1,1,1
13043.0,1,2,2,1
14352.0,1,3,3,0
17351.0,3,2,2,1
16768.0,3,3,2,0
16693.0,2,2,2,1
13956.0,4,3,3,2
13708.0,1,1,2,1
15918.0,1,2,2,1
15671.0,3,4,4,2
14962.0,1,1,1,1
16807.0,2,2,3,0
15125.0,3,4,4,2
16871.0,3,4,4,2
12901.0,4,4,4,2
13452.0,1,2,2,1
15493.0,3,4,4,2
16005.0,4,3,2,2
15388.0,1,1,1,1
16804.0,3,2,2,1
13499.0,3,4,3,2
15047.0,1,1,2,1
14193.0,2,2,3,0
17542.0,1,1,1,1
17080.0,3,2,1,1
16392.0,1,1,1,1
15106.0,3,4,3,2
16214.0,1,2,3,0
13716.0,1,1,1,1
15150.0,4,4,4,2
16061.0,1,1,1,1
14226.0,3,4,4,2
13121.0,1,2,1,1
16297.0,1,3,1,1
12994.0,4,3,3,2
16152.0,1,1,4,0
14636.0,3,2,2,1
16040.0,2,2,3,0
15793.0,4,3,3,2
13358.0,1,1,2,1
12849.0,3,2,3,0
15182.0,1,2,2,1
13299.0,1,1,1,1
16383.0,2,2,3,0
15381.0,1,2,2,1
12597.0,3,3,4,2
15030.0,2,2,2,1
12435.0,2,2,4,0
12955.0,4,4,4,2
18189.0,2,2,3,0
13946.0,2,2,2,1
17716.0,3,4,4,2
13185.0,1,1,1,1
14840.0,1,1,1,1
13216.0,1,1,2,1
13650.0,4,4,4,2
13533.0,1,2,1,1
13268.0,3,4,4,2
15433.0,2,2,2,1
12937.0,4,3,3,2
17603.0,3,3,1,1
16216.0,1,1,3,1
16377.0,1,1,3,1
16976.0,1,1,1,1
12514.0,1,1,3,1
18210.0,4,4,4,2
13631.0,2,4,4,0
14422.0,4,4,4,2
15648.0,1,3,2,0
17725.0,4,4,4,2
15861.0,4,4,4,2
13072.0,1,1,1,1
15695.0,1,2,2,1
14110.0,4,4,4,2
14059.0,1,1,1,1
16672.0,4,4,4,2
16511.0,3,2,3,0
16256.0,1,2,3,0
13591.0,2,2,3,0
14066.0,1,1,1,1
15483.0,1,3,1,1
16626.0,4,4,4,2
15019.0,1,1,1,1
18270.0,3,2,1,1
14315.0,3,4,4,2
17921.0,2,3,3,0
14041.0,1,1,1,1
17060.0,1,1,1,1
16023.0,3,2,3,0
17133.0,4,4,4,2
12878.0,3,2,3,0
14155.0,1,1,1,1
17043.0,3,3,4,2
13046.0,3,2,2,1
14633.0,1,1,2,1
12948.0,4,4,4,2
15703.0,1,1,1,1
14071.0,4,4,3,2
17134.0,2,2,2,1
17795.0,1,2,2,1
12902.0,1,1,1,1
16444.0,3,3,2,0
14232.0,3,4,4,2
14693.0,1,1,1,1
12407.0,3,3,4,2
16728.0,3,3,3,0
16096.0,1,1,2,1
13985.0,4,4,4,2
13592.0,3,3,1,1
15140.0,2,4,4,0
12843.0,2,4,4,0
14408.0,4,4,4,2
15408.0,1,1,1,1
15445.0,1,1,1,1
15452.0,3,2,2,1
14223.0,2,3,3,0
16619.0,1,2,1,1
14762.0,1,1,2,1
13934.0,1,1,3,1
15669.0,3,3,3,0
16384.0,2,2,2,1
18224.0,1,1,1,1
14245.0,1,3,4,0
17678.0,1,1,2,1
15855.0,2,3,3,0
16036.0,2,2,3,0
17763.0,1,1,1,1
13262.0,1,1,1,1
17152.0,1,3,3,0
14632.0,1,1,1,1
13900.0,1,2,3,0
14875.0,4,3,3,2
15132.0,3,3,3,0
17272.0,3,3,4,2
16135.0,1,1,2,1
12831.0,1,1,1,1
15437.0,1,1,1,1
16809.0,3,4,3,2
14711.0,4,4,4,2
14377.0,1,2,2,1
16374.0,2,2,2,1
13196.0,4,3,4,2
15457.0,1,1,1,1
12613.0,3,4,4,2
16721.0,1,1,1,1
12399.0,2,3,3,0
17733.0,3,2,3,0
17102.0,1,1,1,1
15410.0,2,4,4,0
13239.0,1,1,2,1
15449.0,3,3,3,0
14870.0,1,1,2,1
13821.0,1,2,2,1
17096.0,4,4,3,2
12604.0,2,2,1,1
12818.0,1,2,3,0
18191.0,1,1,1,1
14461.0,1,2,4,0
13132.0,1,1,1,1
16859.0,2,3,2,0
15245.0,2,2,4,0
17486.0,1,1,2,1
16308.0,3,3,4,2
12564.0,1,1,2,1
14607.0,4,4,4,2
13249.0,2,2,3,0
15644.0,1,3,3,0
14075.0,4,2,3,2
17250.0,4,2,2,0
17966.0,3,3,3,0
14129.0,4,3,3,2
15651.0,3,2,2,1
13035.0,2,2,3,0
13341.0,1,1,3,1
13512.0,1,1,1,1
16620.0,4,2,1,1
17698.0,1,1,1,1
14267.0,1,4,3,0
13736.0,4,2,3,2
16022.0,1,1,2,1
14235.0,4,4,4,2
16769.0,1,1,2,1
17754.0,4,4,4,2
12408.0,3,4,4,2
16063.0,1,1,2,1
15178.0,1,1,1,1
14348.0,1,1,2,1
15815.0,2,3,4,0
13695.0,3,4,4,2
17979.0,3,3,3,0
13139.0,4,4,4,2
12545.0,2,2,3,0
14758.0,1,3,3,0
14536.0,1,1,1,1
13662.0,2,4,3,0
17946.0,1,2,1,1
13743.0,4,4,3,2
18078.0,1,2,2,1
16780.0,2,2,2,1
18273.0,4,2,1,1
15045.0,1,2,2,1
17625.0,3,3,4,2
13357.0,1,1,2,1
16777.0,2,2,1,1
14476.0,1,1,1,1
16245.0,3,3,3,0
12669.0,1,3,3,0
12792.0,1,1,2,1
17765.0,1,2,2,1
15083.0,1,1,1,1
18010.0,1,1,1,1
15249.0,3,4,4,2
13760.0,2,2,1,1
15624.0,2,3,2,0
17749.0,1,2,3,0
15068.0,3,2,2,1
14538.0,2,2,2,1
14851.0,3,2,2,1
14021.0,1,2,2,1
13037.0,2,2,3,0
18177.0,3,4,3,2
14128.0,2,2,2,1
17874.0,1,4,3,0
17719.0,3,4,4,2
17931.0,2,2,2,1
13803.0,1,1,1,1
17398.0,2,2,3,0
15906.0,3,4,3,2
16253.0,3,2,4,0
13439.0,1,1,1,1
12888.0,1,3,2,0
13588.0,4,4,4,2
12456.0,3,3,4,2
15521.0,3,4,4,2
13720.0,2,3,3,0
15674.0,2,4,4,0
17594.0,2,2,3,0
17775.0,1,1,1,1
13988.0,3,4,4,2
16657.0,4,3,3,2
15424.0,1,2,2,1
13316.0,3,3,4,2
16788.0,2,2,2,1
16584.0,2,2,3,0
15364.0,2,2,3,0
18108.0,1,2,1,1
14272.0,2,2,2,1
15980.0,2,2,4,0
15832.0,1,1,3,1
16092.0,2,3,3,0
15528.0,1,1,1,1
16398.0,1,3,4,0
17088.0,3,3,4,2
17438.0,1,2,2,1
13060.0,1,1,2,1
14790.0,4,3,3,2
14890.0,1,1,1,1
16386.0,3,2,2,1
14818.0,2,2,3,0
13571.0,4,4,4,2
12909.0,3,4,4,2
12619.0,4,4,4,2
16698.0,1,2,4,0
16681.0,2,4,4,0
13573.0,3,2,2,1
14957.0,1,1,1,1
13918.0,3,2,3,0
17212.0,1,1,1,1
17781.0,1,2,1,1
14886.0,1,1,2,1
13626.0,1,1,1,1
16609.0,4,4,4,2
16180.0,2,4,4,0
13462.0,1,2,1,1
18263.0,3,3,3,0
16960.0,3,2,2,1
13841.0,1,1,1,1
17701.0,1,1,2,1
12949.0,3,4,4,2
14852.0,2,4,4,0
12569.0,4,4,4,2
13169.0,2,2,3,0
16162.0,1,1,1,1
15691.0,1,1,1,1
14195.0,1,2,3,0
13781.0,1,1,1,1
17758.0,3,4,4,2
14023.0,4,2,2,0
17669.0,3,4,4,2
16142.0,1,1,2,1
17648.0,2,3,4,0
13059.0,1,1,1,1
16224.0,2,3,3,0
15223.0,1,2,2,1
17886.0,3,2,3,0
13294.0,1,2,3,0
15289.0,3,3,3,0
18185.0,1,1,2,1
17956.0,1,1,1,1
15756.0,2,3,2,0
14747.0,1,2,2,1
14719.0,4,4,3,2
13015.0,2,3,4,0
16586.0,1,1,2,1
16105.0,1,1,2,1
14546.0,4,4,4,2
15442.0,1,1,2,1
16906.0,2,3,2,0
14535.0,2,3,4,0
16170.0,2,4,4,0
15244.0,2,2,2,1
16696.0,2,3,3,0
15145.0,4,3,3,2
17492.0,1,1,2,1
13525.0,4,2,2,0
17409.0,1,2,3,0
17783.0,2,2,1,1
13863.0,1,2,2,1
13515.0,2,3,3,0
15917.0,1,1,1,1
17440.0,1,3,1,1
17045.0,2,2,2,1
17140.0,1,1,2,1
15201.0,2,4,3,0
14964.0,1,1,1,1
16031.0,2,2,2,1
14403.0,2,3,3,0
17042.0,4,3,3,2
13771.0,2,3,4,0
17906.0,1,1,1,1
18272.0,4,4,4,2
16144.0,1,1,1,1
13731.0,1,2,2,1
12580.0,1,1,2,1
14912.0,4,2,3,2
15530.0,3,3,3,0
13950.0,4,3,3,2
13752.0,2,4,3,0
13892.0,3,3,2,0
14446.0,4,3,3,2
16209.0,2,3,4,0
15754.0,2,3,2,0
13712.0,1,1,1,1
15800.0,2,2,3,0
16469.0,3,3,3,0
13005.0,1,2,2,1
14981.0,1,1,1,1
17928.0,3,2,1,1
16261.0,4,3,3,2
17883.0,4,3,3,2
14619.0,1,2,2,1
13995.0,4,4,3,2
16643.0,1,1,2,1
14246.0,2,2,3,0
18040.0,3,2,2,1
16837.0,3,4,4,2
15119.0,1,1,1,1
16325.0,3,3,2,0
14924.0,1,1,2,1
15109.0,1,2,2,1
16623.0,1,1,1,1
12999.0,1,2,2,1
12717.0,1,2,3,0
13962.0,3,2,1,1
18036.0,3,2,2,1
14958.0,1,2,2,1
13562.0,2,2,4,0
15775.0,1,1,1,1
17054.0,3,4,3,2
17268.0,2,3,3,0
13548.0,2,2,3,0
13508.0,1,1,1,1
12447.0,1,1,2,1
13570.0,1,1,1,1
13232.0,4,4,3,2
18129.0,1,1,1,1
13632.0,3,4,4,2
15665.0,1,2,4,0
17550.0,1,2,1,1
15655.0,1,2,2,1
14286.0,3,3,4,2
16188.0,3,3,3,0
12656.0,4,4,4,2
15214.0,4,4,4,2
17574.0,1,1,1,1
15737.0,4,4,3,2
18080.0,3,2,3,0
14311.0,1,2,1,1
14339.0,1,3,1,1
12982.0,1,2,2,1
12701.0,2,2,3,0
12596.0,2,2,2,1
14273.0,2,3,2,0
12363.0,2,2,2,1
13549.0,3,4,3,2
15414.0,4,2,3,2
13203.0,4,3,3,2
14628.0,2,2,3,0
14326.0,1,2,1,1
15935.0,1,2,2,1
13655.0,2,2,3,0
12910.0,3,4,4,2
13577.0,3,3,4,2
15251.0,4,4,4,2
14111.0,4,3,3,2
17160.0,3,4,4,2
16172.0,2,3,3,0
17972.0,1,1,1,1
12463.0,3,4,3,2
14844.0,2,3,4,0
17278.0,1,1,1,1
15212.0,1,2,1,1
16729.0,3,4,4,2
14998.0,1,2,2,1
13484.0,1,1,2,1
16697.0,1,1,1,1
14931.0,4,4,3,2
18236.0,3,4,3,2
13740.0,1,1,2,1
16454.0,3,2,1,1
15230.0,1,2,2,1
15134.0,4,4,3,2
16309.0,2,2,3,0
13544.0,3,2,1,1
14262.0,4,4,4,2
13134.0,2,4,4,0
17589.0,2,3,4,0
16097.0,1,1,1,1
13122.0,2,2,3,0
16966.0,4,4,4,2
17746.0,1,2,1,1
16175.0,2,3,3,0
14834.0,3,4,4,2
16348.0,3,4,3,2
15147.0,1,2,2,1
16131.0,2,4,4,0
15813.0,1,2,3,0
17058.0,2,2,3,0
17704.0,1,2,3,0
16933.0,4,3,2,2
13772.0,3,2,3,0
16249.0,2,3,4,0
14198.0,4,4,3,2
13989.0,2,2,3,0
17930.0,3,3,4,2
14154.0,1,2,3,0
14482.0,3,4,4,2
14163.0,2,3,4,0
14105.0,2,2,3,0
17601.0,1,1,1,1
17142.0,1,1,2,1
13811.0,1,3,2,0
12457.0,2,4,4,0
15135.0,1,2,1,1
16806.0,2,3,3,0
13952.0,1,2,4,0
13120.0,1,1,1,1
12769.0,1,1,3,1
13516.0,3,2,3,0
14323.0,2,3,2,0
18079.0,3,3,4,2
12639.0,1,1,2,1
14700.0,3,2,4,0
15027.0,3,4,3,2
17367.0,1,1,1,1
18213.0,1,1,1,1
17029.0,2,2,3,0
13220.0,2,3,3,0
15985.0,2,2,3,0
16193.0,1,1,2,1
15172.0,4,3,4,2
13692.0,3,3,3,0
15745.0,4,4,3,2
17582.0,1,1,1,1
13474.0,1,1,1,1
17697.0,1,1,2,1
16639.0,3,3,3,0
16947.0,1,1,2,1
15491.0,2,4,4,0
16617.0,1,1,1,1
15265.0,1,2,3,0
16226.0,1,2,1,1
18009.0,1,2,1,1
16399.0,3,2,2,1
14623.0,3,4,3,2
15625.0,2,4,3,0
18064.0,2,2,3,0
15508.0,1,4,3,0
16628.0,3,4,4,2
13647.0,4,3,4,2
15594.0,4,4,4,2
13479.0,1,2,1,1
13735.0,3,4,4,2
13376.0,2,2,3,0
15717.0,1,1,1,1
13719.0,4,3,3,2
16633.0,4,4,4,2
13101.0,1,1,1,1
15225.0,1,1,2,1
14152.0,2,2,2,1
12733.0,1,1,2,1
15436.0,4,2,3,2
17217.0,1,1,1,1
17734.0,2,2,3,0
14905.0,1,2,2,1
14148.0,1,1,1,1
16103.0,4,4,3,2
14626.0,4,4,4,2
14868.0,4,4,4,2
18246.0,3,2,2,1
13485.0,1,1,2,1
15517.0,1,1,1,1
17115.0,4,3,3,2
17120.0,1,1,2,1
16611.0,1,2,1,1
15912.0,1,2,1,1
12506.0,1,1,1,1
12670.0,4,4,4,2
17588.0,2,2,3,0
14759.0,4,2,4,2
16185.0,4,2,2,0
13505.0,2,4,4,0
13389.0,4,2,3,2
12354.0,1,1,3,1
17631.0,4,2,2,0
17061.0,2,4,4,0
17718.0,1,1,1,1
17630.0,1,2,2,1
13223.0,1,2,1,1
16146.0,1,2,3,0
17109.0,3,4,3,2
16587.0,1,1,1,1
12622.0,1,1,1,1
16750.0,3,3,2,0
13482.0,1,1,1,1
14512.0,1,2,1,1
17670.0,1,1,1,1
16834.0,1,1,2,1
15108.0,2,3,3,0
16942.0,4,4,4,2
14640.0,4,4,4,2
16823.0,1,1,2,1
15237.0,4,3,3,2
12573.0,1,1,1,1
17854.0,1,2,2,1
18220.0,1,2,2,1
17436.0,4,2,1,1
16965.0,1,1,1,1
12840.0,1,4,4,0
15891.0,1,1,2,1
17187.0,1,1,1,1
13637.0,2,2,3,0
17991.0,1,2,1,1
16418.0,3,2,3,0
16099.0,3,2,3,0
15768.0,2,3,2,0
16637.0,3,3,3,0
14240.0,3,2,3,0
15143.0,1,1,1,1
13229.0,1,1,1,1
14973.0,2,2,3,0
14271.0,1,1,1,1
15952.0,3,3,3,0
16227.0,1,2,2,1
17893.0,1,1,1,1
14022.0,1,1,2,1
15210.0,1,1,2,1
16370.0,2,3,3,0
15376.0,3,2,3,0
14655.0,4,3,4,2
17615.0,2,2,2,1
16055.0,1,1,1,1
14149.0,1,2,1,1
17501.0,1,2,1,1
14191.0,4,4,4,2
13282.0,3,4,3,2
15582.0,3,2,3,0
16230.0,1,2,2,1
18146.0,2,2,1,1
15976.0,1,2,2,1
17443.0,1,1,2,1
12886.0,2,2,3,0
17974.0,3,2,3,0
13524.0,3,3,3,0
17955.0,1,3,2,0
15128.0,2,4,3,0
16610.0,1,1,1,1
17394.0,1,1,1,1
14173.0,4,3,2,2
16258.0,3,3,4,2
14948.0,3,4,3,2
17384.0,3,2,2,1
16990.0,1,1,1,1
13762.0,1,2,1,1
12593.0,2,2,2,1
14340.0,1,1,1,1
17429.0,2,3,2,0
13711.0,1,2,1,1
14515.0,3,4,4,2
16457.0,1,1,1,1
17527.0,2,4,3,0
14199.0,1,1,1,1
13888.0,2,2,2,1
14423.0,1,1,1,1
14697.0,1,2,1,1
17522.0,4,3,3,2
13867.0,3,2,3,0
17624.0,4,2,3,2
14393.0,1,1,1,1
17578.0,1,2,1,1
13450.0,3,4,4,2
17423.0,3,3,3,0
18241.0,4,4,4,2
15668.0,1,1,1,1
16319.0,1,1,2,1
15757.0,2,2,3,0
17174.0,1,1,1,1
13365.0,4,2,4,2
18227.0,1,1,1,1
14145.0,3,3,4,2
18235.0,2,2,4,0
13741.0,2,3,3,0
12394.0,2,2,3,0
16832.0,1,2,1,1
15258.0,1,2,2,1
15552.0,1,1,1,1
18170.0,3,2,3,0
13723.0,1,1,1,1
14005.0,4,3,4,2
15561.0,4,3,3,2
16121.0,2,2,3,0
18142.0,1,3,3,0
13642.0,1,1,2,1
15117.0,4,4,3,2
13561.0,1,1,1,1
15704.0,2,3,4,0
16007.0,3,3,4,2
16232.0,3,3,3,0
17410.0,4,3,3,2
13835.0,3,3,3,0
13427.0,3,2,2,1
14353.0,1,1,1,1
12700.0,4,4,4,2
13003.0,2,2,1,1
16756.0,1,1,1,1
13492.0,2,2,3,0
16440.0,4,3,4,2
18120.0,1,1,1,1
12355.0,1,1,2,1
17723.0,2,4,4,0
14699.0,1,1,1,1
12821.0,1,1,1,1
13055.0,2,3,3,0
13320.0,2,4,3,0
16357.0,3,2,3,0
18242.0,2,3,4,0
15865.0,3,2,3,0
17597.0,1,1,4,0
14397.0,4,4,4,2
13242.0,2,2,1,1
12684.0,4,4,4,2
14288.0,1,2,2,1
15063.0,1,1,2,1
12592.0,2,2,2,1
14591.0,4,3,3,2
13990.0,1,1,2,1
12749.0,4,4,4,2
16320.0,1,2,3,0
14691.0,3,3,4,2
16229.0,2,2,3,0
14920.0,1,2,3,0
17489.0,2,2,2,1
13404.0,4,2,1,1
15729.0,1,2,1,1
16644.0,1,2,3,0
14731.0,3,2,2,1
14277.0,4,3,4,2
15187.0,4,4,4,2
13052.0,1,1,2,1
18133.0,1,2,3,0
17664.0,3,2,2,1
14649.0,4,3,3,2
13235.0,1,2,1,1
14883.0,3,4,3,2
12976.0,1,1,3,1
14681.0,2,2,2,1
14421.0,2,2,3,0
16116.0,1,2,2,1
14988.0,1,1,2,1
15489.0,3,3,3,0
14364.0,2,4,4,0
16006.0,1,1,1,1
16184.0,2,4,3,0
17932.0,3,2,3,0
18221.0,3,4,3,2
12590.0,1,2,4,0
14853.0,4,2,2,0
17658.0,4,2,2,0
17764.0,2,2,3,0
14651.0,2,2,3,0
14000.0,1,2,2,1
13601.0,3,2,3,0
12757.0,4,4,4,2
17970.0,1,1,2,1
12770.0,1,1,3,1
15826.0,2,3,4,0
15907.0,4,2,3,2
12695.0,4,3,2,2
14342.0,3,4,2,2
14873.0,1,1,2,1
14689.0,1,1,1,1
15440.0,2,2,2,1
16076.0,4,4,4,2
15333.0,1,1,3,1
16283.0,4,4,3,2
17263.0,1,1,1,1
16877.0,4,4,3,2
12674.0,4,4,4,2
16642.0,4,2,3,2
12871.0,2,2,2,1
14038.0,2,3,3,0
14489.0,1,1,2,1
14888.0,1,1,2,1
17190.0,2,2,1,1
13456.0,3,4,4,2
17898.0,2,2,1,1
13976.0,1,1,2,1
16139.0,3,2,2,1
15730.0,2,3,3,0
16266.0,2,4,3,0
15123.0,4,2,4,2
17505.0,1,2,3,0
12690.0,1,1,2,1
16446.0,4,2,1,1
17556.0,1,1,1,1
14583.0,4,3,3,2
16818.0,4,4,4,2
13572.0,1,1,3,1
14009.0,1,2,3,0
13258.0,4,2,3,2
14463.0,2,2,2,1
13192.0,2,2,3,0
16987.0,4,4,4,2
13417.0,4,2,2,0
17047.0,2,2,3,0
15116.0,3,3,3,0
17469.0,4,4,4,2
16647.0,1,2,1,1
15630.0,3,2,3,0
17245.0,1,1,1,1
16008.0,3,2,2,1
17871.0,1,1,1,1
13529.0,2,2,2,1
12620.0,4,2,3,2
15599.0,3,2,3,0
16813.0,4,4,4,2
14859.0,4,3,3,2
16463.0,3,4,3,2
15791.0,3,2,3,0
13658.0,4,4,4,2
13887.0,1,1,2,1
12353.0,1,1,1,1
14551.0,3,2,1,1
17166.0,3,2,1,1
17926.0,2,2,2,1
13391.0,1,1,1,1
17455.0,1,1,1,1
13308.0,3,3,3,0
13856.0,1,3,2,0
13243.0,1,1,2,1
15095.0,2,3,3,0
18048.0,1,2,1,1
18287.0,3,2,4,0
18150.0,3,2,2,1
16690.0,3,2,1,1
13555.0,2,3,4,0
16038.0,4,3,2,2
13972.0,2,2,1,1
13227.0,1,1,1,1
13657.0,4,2,2,0
17176.0,1,1,2,1
14837.0,2,3,4,0
14682.0,1,2,1,1
14921.0,3,2,3,0
16341.0,3,4,4,2
14647.0,1,1,1,1
12710.0,2,3,3,0
15292.0,1,1,1,1
15705.0,1,1,1,1
13339.0,1,1,3,1
13885.0,1,2,2,1
12360.0,2,2,4,0
13546.0,4,2,2,0
17715.0,1,1,2,1
18160.0,2,2,2,1
15434.0,4,4,3,2
15734.0,2,2,3,0
13737.0,1,1,2,1
13213.0,2,4,3,0
18018.0,2,2,1,1
15314.0,1,1,2,1
17521.0,3,3,3,0
15042.0,1,1,1,1
12863.0,2,2,2,1
16091.0,1,2,2,1
15804.0,4,4,4,2
14593.0,3,2,2,1
14287.0,4,3,1,1
16763.0,1,2,2,1
14705.0,1,1,1,1
12562.0,4,4,4,2
12815.0,1,2,3,0
14522.0,3,3,3,0
16448.0,1,1,1,1
14584.0,1,3,3,0
12974.0,1,1,1,1
12987.0,2,2,2,1
14816.0,1,1,1,1
15852.0,1,2,1,1
16624.0,2,2,3,0
12493.0,1,2,2,1
18232.0,2,3,2,0
18073.0,2,4,4,0
16369.0,3,2,3,0
14280.0,1,1,1,1
13135.0,1,1,4,0
17345.0,4,3,2,2
16275.0,1,1,2,1
14338.0,1,3,2,0
15402.0,1,2,2,1
12876.0,2,2,4,0
16323.0,1,1,1,1
12426.0,1,1,2,1
14451.0,2,2,3,0
14823.0,1,2,2,1
15897.0,1,2,1,1
17051.0,1,1,1,1
15925.0,1,1,1,1
12787.0,4,2,2,0
15863.0,3,2,1,1
16483.0,1,1,1,1
13398.0,1,1,2,1
13070.0,1,1,1,1
14819.0,2,2,1,1
12790.0,1,1,2,1
15163.0,3,2,2,1
18204.0,2,3,4,0
15124.0,3,2,1,1
12473.0,3,4,4,2
16969.0,3,2,3,0
14597.0,4,2,3,2
13917.0,3,2,1,1
13062.0,1,1,2,1
16484.0,1,2,2,1
15184.0,3,2,2,1
18135.0,3,3,3,0
14453.0,1,1,1,1
17900.0,1,3,1,1
13437.0,4,4,4,2
12517.0,3,4,4,2
16529.0,1,1,2,1
17531.0,2,2,2,1
16239.0,2,2,2,1
14500.0,2,2,2,1
16117.0,1,1,1,1
13248.0,2,2,2,1
16967.0,1,1,2,1
15405.0,1,1,2,1
16659.0,1,1,1,1
16880.0,3,4,3,2
13435.0,4,4,4,2
13131.0,3,3,3,0
14891.0,1,2,2,1
16682.0,4,3,3,2
15453.0,4,4,3,2
16963.0,1,1,1,1
13682.0,1,1,1,1
15152.0,4,4,4,2
15462.0,2,2,1,1
12449.0,3,3,4,2
15349.0,1,2,2,1
16849.0,1,1,1,1
12802.0,1,2,2,1
15073.0,4,3,2,2
16298.0,3,2,2,1
12535.0,2,2,3,0
18248.0,2,3,3,0
15386.0,1,1,2,1
17252.0,2,2,2,1
14542.0,1,1,1,1
16825.0,3,2,3,0
12380.0,3,3,4,2
18072.0,1,2,1,1
13643.0,3,2,2,1
15969.0,4,3,2,2
13283.0,2,2,1,1
17015.0,3,2,4,0
14375.0,1,1,1,1
17124.0,1,1,2,1
17987.0,1,1,1,1
13395.0,1,1,2,1
17828.0,4,4,3,2
15743.0,4,3,3,2
17414.0,3,2,3,0
14622.0,1,1,2,1
15609.0,1,2,1,1
14561.0,2,2,3,0
16872.0,2,2,3,0
16358.0,4,3,4,2
15238.0,3,3,3,0
13466.0,2,2,2,1
17360.0,4,2,2,0
13510.0,4,3,4,2
12406.0,3,2,4,0
14241.0,1,1,1,1
14132.0,4,4,4,2
14963.0,4,3,3,2
17169.0,3,3,3,0
15252.0,3,2,3,0
17731.0,2,3,3,0
16113.0,1,1,1,1
12694.0,2,2,3,0
16107.0,3,4,4,2
17483.0,2,2,2,1
15679.0,3,3,3,0
13686.0,1,1,1,1
16581.0,1,2,1,1
15267.0,3,3,4,2
17234.0,1,1,1,1
17797.0,3,2,3,0
16614.0,1,1,2,1
12409.0,2,4,4,0
15411.0,3,3,3,0
14178.0,4,4,4,2
15098.0,1,3,3,0
18281.0,1,1,1,1
14984.0,3,2,1,1
12516.0,2,2,3,0
17265.0,2,2,2,1
13617.0,3,2,2,1
17242.0,2,2,3,0
17289.0,3,3,3,0
16018.0,3,2,2,1
14704.0,4,4,3,2
16794.0,4,4,3,2
13761.0,3,2,3,0
13517.0,2,3,4,0
13936.0,1,2,2,1
16342.0,2,3,2,0
14177.0,2,3,2,0
12732.0,1,1,1,1
16205.0,3,3,3,0
15036.0,2,2,2,1
13589.0,4,2,2,0
17579.0,4,3,2,2
15069.0,1,1,3,1
17349.0,1,1,1,1
13080.0,1,1,1,1
13663.0,1,1,1,1
14503.0,4,4,4,2
16774.0,2,3,3,0
13384.0,3,4,4,2
17101.0,4,3,4,2
14997.0,3,3,2,0
17155.0,3,2,1,1
12809.0,1,2,2,1
16461.0,1,1,1,1
13343.0,1,2,2,1
12624.0,2,2,2,1
18165.0,1,1,2,1
17536.0,1,1,1,1
16324.0,2,2,2,1
17651.0,4,4,4,2
14222.0,1,1,3,1
15585.0,1,1,2,1
17490.0,4,4,4,2
16739.0,1,2,2,1
16276.0,1,1,3,1
17193.0,3,4,4,2
16257.0,1,1,1,1
14285.0,3,3,4,2
17642.0,2,2,3,0
12816.0,2,2,2,1
13826.0,1,2,1,1
13575.0,3,3,3,0
17157.0,4,2,2,0
16852.0,4,2,1,1
15219.0,1,1,2,1
15014.0,3,2,1,1
14765.0,3,2,1,1
16869.0,3,3,3,0
15909.0,1,1,1,1
13618.0,1,1,1,1
16050.0,1,1,1,1
17879.0,1,1,1,1
17562.0,4,4,3,2
15334.0,1,2,2,1
12450.0,1,2,1,1
13568.0,1,1,1,1
14820.0,3,3,2,0
16744.0,4,4,3,2
15700.0,1,2,3,0
17299.0,4,3,3,2
12837.0,1,1,1,1
15076.0,1,1,3,1
17444.0,1,2,4,0
15921.0,1,1,2,1
15747.0,4,2,3,2
15840.0,2,2,2,1
15016.0,1,1,1,1
14808.0,3,4,4,2
12904.0,3,2,2,1
15825.0,1,1,2,1
12432.0,3,3,4,2
15389.0,1,1,2,1
15280.0,1,1,1,1
17159.0,3,3,3,0
12830.0,3,4,4,2
15507.0,1,1,2,1
18252.0,2,2,2,1
16526.0,1,1,1,1
17695.0,2,2,3,0
12930.0,2,3,2,0
14960.0,4,2,1,1
12444.0,3,3,4,2
17960.0,1,1,1,1
15412.0,1,1,1,1
13763.0,2,2,4,0
12798.0,4,2,4,2
13849.0,2,2,3,0
16114.0,1,1,1,1
13420.0,2,3,1,1
13780.0,4,2,2,0
17877.0,1,1,1,1
16247.0,1,1,1,1
15041.0,1,1,1,1
12379.0,2,2,3,0
16287.0,1,1,1,1
12919.0,4,4,3,2
15130.0,1,1,2,1
12704.0,4,4,4,2
17370.0,2,3,2,0
17709.0,1,1,1,1
15253.0,4,4,3,2
13300.0,1,2,2,1
17759.0,4,2,3,2
12465.0,4,2,3,2
12412.0,2,2,3,0
12697.0,3,3,3,0
13937.0,1,1,1,1
12615.0,4,3,4,2
15850.0,3,2,1,1
15186.0,4,2,2,0
13791.0,3,2,3,0
14795.0,1,1,1,1
17768.0,4,2,4,2
18112.0,4,2,2,0
12548.0,1,1,1,1
17386.0,4,4,4,2
14104.0,1,2,1,1
17110.0,1,1,1,1
13895.0,3,3,4,2
16545.0,1,1,2,1
16671.0,3,2,4,0
14351.0,1,1,1,1
17391.0,1,2,2,1
16824.0,4,2,2,0
17750.0,4,4,4,2
16200.0,4,2,3,2
17997.0,2,4,3,0
14383.0,3,2,3,0
13461.0,3,2,3,0
17408.0,1,1,1,1
15537.0,1,1,1,1
14327.0,1,1,2,1
17837.0,3,4,3,2
12424.0,1,2,4,0
15578.0,1,1,1,1
15584.0,3,3,3,0
13745.0,1,2,1,1
16498.0,1,2,1,1
17891.0,1,1,1,1
17123.0,1,1,2,1
16866.0,2,2,1,1
13730.0,2,2,3,0
16589.0,2,2,2,1
12922.0,1,1,2,1
16009.0,3,3,3,0
14053.0,2,2,1,1
17939.0,1,1,1,1
17312.0,2,2,2,1
13833.0,1,1,2,1
17899.0,1,1,1,1
15007.0,1,1,1,1
17464.0,1,1,1,1
18265.0,2,2,3,0
16344.0,1,1,1,1
13338.0,1,2,2,1
17024.0,3,2,1,1
14034.0,3,3,2,0
18203.0,1,1,1,1
16616.0,4,2,2,0
16338.0,1,1,1,1
17046.0,1,1,2,1
13109.0,4,3,3,2
16829.0,1,1,1,1
13217.0,2,3,1,1
14002.0,2,2,2,1
12977.0,1,1,1,1
13291.0,1,1,2,1
13583.0,1,1,3,1
16929.0,4,4,3,2
17892.0,2,2,1,1
15505.0,2,4,4,0
14459.0,1,1,4,0
18013.0,1,2,1,1
13681.0,3,3,3,0
13699.0,1,1,2,1
14493.0,4,4,4,2
13486.0,2,2,3,0
13302.0,1,1,1,1
16012.0,3,2,3,0
12635.0,2,2,4,0
17031.0,4,2,2,0
12461.0,2,2,3,0
12648.0,1,1,2,1
18121.0,1,2,3,0
15901.0,4,2,2,0
14918.0,2,2,3,0
15920.0,1,3,1,1
17353.0,2,2,4,0
18024.0,1,2,1,1
15467.0,4,3,2,2
16174.0,2,2,3,0
13678.0,1,1,1,1
14690.0,3,2,2,1
13058.0,3,2,1,1
14552.0,1,1,1,1
12556.0,3,2,2,1
13224.0,2,2,4,0
16989.0,4,4,3,2
12358.0,4,2,3,2
13207.0,4,2,1,1
18122.0,4,4,4,2
12722.0,2,4,3,0
17405.0,4,3,3,2
13311.0,4,2,2,0
15051.0,3,2,3,0
15895.0,1,1,1,1
15795.0,1,1,2,1
13669.0,2,2,1,1
16450.0,1,1,2,1
13667.0,1,1,2,1
14400.0,2,2,2,1
12405.0,1,1,4,0
14265.0,2,2,2,1
14847.0,1,1,2,1
14862.0,3,2,3,0
16488.0,3,3,2,0
15256.0,1,1,1,1
14716.0,3,2,2,1
13933.0,2,2,2,1
14857.0,2,2,3,0
15306.0,2,2,3,0
15839.0,3,3,3,0
13994.0,4,4,4,2
17554.0,4,3,4,2
14332.0,3,2,3,0
17266.0,4,2,2,0
17948.0,1,1,2,1
15004.0,1,1,3,1
14722.0,1,1,1,1
13507.0,4,3,4,2
13967.0,1,1,1,1
16054.0,1,1,3,1
12833.0,1,1,2,1
16474.0,4,4,4,2
17984.0,1,1,1,1
12589.0,3,2,2,1
17448.0,1,1,1,1
16762.0,3,2,3,0
15369.0,1,1,1,1
13154.0,1,1,1,1
13940.0,4,3,3,2
14029.0,2,2,2,1
14117.0,1,1,1,1
13167.0,3,3,3,0
17779.0,3,3,2,0
13991.0,4,4,3,2
18101.0,4,2,1,1
17065.0,2,1,1,1
13827.0,2,2,2,1
12560.0,4,3,4,2
16764.0,4,4,4,2
18180.0,4,4,4,2
12521.0,2,1,2,1
17866.0,2,2,2,1
15802.0,2,2,1,1
17229.0,2,2,2,1
14456.0,4,4,4,2
16464.0,3,2,3,0
17962.0,2,1,1,1
16149.0,4,2,1,1
14259.0,2,1,1,1
18143.0,2,2,3,0
17935.0,2,2,1,1
14517.0,3,2,2,1
17694.0,2,1,1,1
17660.0,2,1,1,1
16041.0,3,2,4,0
15623.0,2,1,2,1
15829.0,2,2,2,1
15232.0,2,2,2,1
12438.0,4,2,4,2
12627.0,4,4,4,2
13079.0,4,3,1,1
18262.0,2,1,1,1
13563.0,2,2,3,0
15506.0,3,2,3,0
16305.0,2,1,2,1
12864.0,2,1,1,1
17724.0,2,3,3,0
17703.0,3,2,3,0
13116.0,2,2,2,1
14019.0,3,3,3,0
17649.0,2,2,3,0
16178.0,2,1,1,1
17040.0,2,1,2,1
14100.0,2,1,1,1
16557.0,3,2,1,1
13296.0,2,1,1,1
13814.0,2,2,3,0
16364.0,4,2,3,2
17693.0,2,2,1,1
15372.0,2,1,4,0
15618.0,3,3,3,0
13930.0,2,2,2,1
13379.0,3,2,2,1
13194.0,2,1,1,1
16447.0,2,1,1,1
14305.0,2,3,4,0
12397.0,3,2,4,0
14331.0,2,2,2,1
15261.0,2,1,1,1
15105.0,3,4,4,2
13813.0,3,3,3,0
18268.0,2,2,1,1
14855.0,2,2,2,1
13925.0,3,4,2,2
18237.0,4,3,3,2
12453.0,2,1,3,1
15639.0,2,1,2,1
15118.0,2,1,1,1
15746.0,2,2,1,1
12743.0,2,2,2,1
15942.0,2,1,2,1
14143.0,2,1,1,1
15120.0,2,2,2,1
16147.0,2,1,2,1
13277.0,4,3,1,1
18127.0,3,2,2,1
15149.0,2,1,2,1
18081.0,3,2,2,1
14511.0,4,4,3,2
12716.0,4,2,3,2
15776.0,2,1,1,1
12981.0,3,2,2,1
13106.0,2,2,1,1
13928.0,4,3,2,2
14885.0,2,1,3,1
13388.0,2,2,2,1
15438.0,2,1,1,1
17173.0,4,4,4,2
17941.0,2,1,2,1
14947.0,2,2,1,1
17053.0,2,2,2,1
12534.0,2,1,3,1
12844.0,3,2,2,1
14567.0,3,2,3,0
14937.0,2,3,4,0
12828.0,4,4,3,2
16984.0,2,3,4,0
13023.0,2,2,3,0
17553.0,2,1,3,1
13075.0,2,1,3,1
15342.0,2,2,2,1
12644.0,2,1,2,1
12378.0,2,1,4,0
17788.0,2,2,3,0
13850.0,2,2,3,0
14076.0,2,1,1,1
13805.0,2,2,3,0
17887.0,2,1,1,1
13186.0,3,3,3,0
12750.0,2,1,1,1
15374.0,2,1,1,1
17656.0,2,3,4,0
16102.0,3,2,4,0
15089.0,4,4,4,2
14972.0,2,1,1,1
17514.0,2,1,1,1
12917.0,2,1,2,1
12689.0,3,2,3,0
14768.0,4,2,1,1
17584.0,4,2,3,2
15254.0,2,1,2,1
18099.0,2,1,1,1
15205.0,2,2,3,0
13218.0,2,1,1,1
17267.0,2,2,2,1
16302.0,2,2,1,1
13513.0,2,1,1,1
14720.0,4,2,3,2
18282.0,4,2,1,1
12610.0,3,4,4,2
13200.0,3,3,3,0
14079.0,2,1,2,1
17298.0,2,2,2,1
14024.0,2,2,2,1
16066.0,4,3,3,2
15198.0,2,2,1,1
12885.0,2,3,3,0
17331.0,2,1,1,1
13016.0,2,2,3,0
13500.0,3,3,3,0
15247.0,2,1,2,1
13355.0,2,1,3,1
16053.0,3,2,3,0
13919.0,2,2,2,1
12384.0,3,2,2,1
16292.0,2,2,1,1
12571.0,3,2,2,1
14116.0,3,3,3,0
14495.0,2,2,1,1
15494.0,3,2,3,0
15608.0,3,3,3,0
17248.0,2,1,2,1
17653.0,3,3,3,0
13645.0,2,1,1,1
15469.0,3,3,2,0
13307.0,2,1,1,1
12381.0,4,4,4,2
17122.0,2,1,1,1
14406.0,2,1,1,1
15683.0,2,1,1,1
14301.0,2,2,2,1
14658.0,4,2,1,1
13621.0,2,1,1,1
16272.0,2,1,2,1
17958.0,2,1,2,1
16836.0,3,2,1,1
16961.0,2,1,1,1
16902.0,2,1,4,0
15706.0,2,4,3,0
15480.0,2,1,3,1
15315.0,2,2,2,1
15653.0,2,2,3,0
13159.0,4,3,3,2
13189.0,3,2,1,1
17637.0,3,2,2,1
12641.0,2,1,1,1
13470.0,2,2,1,1
15786.0,3,3,4,2
15541.0,2,1,1,1
16734.0,2,2,3,0
16706.0,3,2,2,1
17070.0,2,1,2,1
12688.0,2,1,4,0
12729.0,2,1,2,1
12962.0,4,2,1,1
13273.0,2,1,1,1
17736.0,4,3,2,2
15472.0,2,1,2,1
12680.0,4,3,3,2
16582.0,2,1,2,1
17747.0,2,2,1,1
12513.0,2,2,2,1
15396.0,2,1,1,1
12418.0,2,1,3,1
16828.0,2,2,1,1
14712.0,3,2,3,0
12991.0,3,2,2,1
14772.0,2,1,1,1
12364.0,4,3,3,2
12968.0,2,1,1,1
16330.0,3,3,1,1
14566.0,2,1,3,1
15701.0,4,3,3,2
12518.0,4,3,4,2
14529.0,2,2,2,1
16536.0,2,2,2,1
15313.0,2,1,1,1
15801.0,3,3,3,0
16201.0,4,3,4,2
16555.0,3,2,1,1
16952.0,2,2,1,1
14387.0,3,2,4,0
17073.0,3,3,3,0
18147.0,3,2,1,1
14523.0,2,1,1,1
14418.0,4,2,4,2
12642.0,3,2,3,0
16968.0,4,2,2,0
16723.0,2,2,2,1
13411.0,2,1,1,1
16340.0,2,1,2,1
13236.0,3,2,3,0
14196.0,2,1,2,1
15263.0,2,1,1,1
14314.0,2,1,1,1
16093.0,2,1,1,1
17844.0,2,1,1,1
14687.0,2,1,2,1
14050.0,3,2,3,0
16429.0,2,1,1,1
14055.0,2,1,3,1
12715.0,2,1,2,1
15663.0,2,1,1,1
18200.0,2,1,1,1
18167.0,4,4,3,2
13644.0,4,3,4,2
17451.0,4,4,4,2
16641.0,2,1,1,1
13812.0,3,2,2,1
14141.0,4,4,3,2
15074.0,2,1,3,1
12492.0,2,2,1,1
17183.0,4,4,4,2
15325.0,2,1,1,1
13778.0,2,1,1,1
14869.0,4,2,3,2
14096.0,4,4,4,2
14108.0,3,2,2,1
12814.0,2,1,1,1
15866.0,2,1,1,1
14660.0,2,2,1,1
13726.0,3,2,3,0
15690.0,4,2,1,1
17777.0,3,2,3,0
16278.0,3,2,2,1
13276.0,2,2,2,1
12436.0,2,1,2,1
13147.0,4,3,3,2
13045.0,2,1,2,1
13099.0,2,1,1,1
12739.0,2,2,3,0
14420.0,2,2,2,1
14436.0,2,1,1,1
18027.0,2,1,1,1
12794.0,2,2,3,0
12832.0,3,2,2,1
16674.0,2,2,2,1
12375.0,4,2,2,0
16173.0,4,4,3,2
14171.0,2,1,2,1
13434.0,2,2,2,1
16761.0,2,1,2,1
14067.0,2,2,2,1
13808.0,4,3,4,2
12851.0,2,1,1,1
14335.0,4,2,2,0
14965.0,2,2,2,1
15136.0,4,3,3,2
16629.0,2,2,2,1
18261.0,3,2,2,1
15307.0,2,1,1,1
16820.0,2,1,2,1
17309.0,2,1,1,1
13949.0,4,4,4,2
14360.0,3,3,4,2
16400.0,2,1,2,1
14208.0,2,1,1,1
12526.0,4,2,3,2
13130.0,2,1,1,1
13210.0,2,1,2,1
17481.0,4,3,3,2
12685.0,3,4,4,2
17573.0,3,3,2,0
14452.0,4,2,1,1
13889.0,2,1,2,1
15488.0,2,1,1,1
18222.0,2,1,2,1
13244.0,2,1,1,1
17004.0,3,2,3,0
13441.0,2,1,2,1
13823.0,3,2,3,0
12879.0,3,3,2,0
16603.0,2,2,2,1
14824.0,4,3,3,2
16910.0,4,4,3,2
15652.0,2,1,2,1
16362.0,3,4,3,2
15035.0,2,1,1,1
14508.0,3,2,1,1
13272.0,3,2,1,1
17317.0,3,3,4,2
14212.0,2,1,3,1
13372.0,2,1,2,1
18255.0,2,1,1,1
14250.0,4,2,4,2
16796.0,2,1,2,1
14432.0,4,4,4,2
15782.0,4,3,4,2
12883.0,3,3,3,0
12965.0,2,1,3,1
15533.0,3,3,3,0
18215.0,2,1,2,1
18158.0,4,2,2,0
13375.0,2,2,3,0
13431.0,2,2,3,0
16211.0,2,2,2,1
12884.0,2,1,2,1
16141.0,2,1,2,1
17919.0,2,1,3,1
16360.0,4,4,4,2
17433.0,2,1,2,1
13704.0,4,4,4,2
14020.0,4,2,2,0
14359.0,3,4,3,2
16451.0,2,1,1,1
12940.0,3,3,3,0
15216.0,2,1,1,1
15522.0,3,2,2,1
17037.0,2,2,3,0
12822.0,2,2,3,0
15343.0,2,1,2,1
14753.0,2,1,2,1
16959.0,2,1,1,1
18251.0,2,1,4,0
13032.0,3,2,3,0
12895.0,3,2,2,1
17640.0,2,1,2,1
13860.0,4,4,3,2
12756.0,2,1,1,1
18001.0,4,2,2,0
17728.0,4,3,4,2
15933.0,3,2,3,0
14284.0,3,2,2,1
17347.0,2,1,1,1
15103.0,3,2,3,0
15707.0,3,3,3,0
13430.0,3,3,3,0
12566.0,2,2,2,1
13321.0,2,2,2,1
13877.0,2,1,1,1
15272.0,2,2,3,0
15322.0,2,2,2,1
17333.0,2,1,2,1
13518.0,2,1,3,1
14306.0,2,2,4,0
17679.0,2,2,4,0
16160.0,2,3,3,0
15573.0,3,2,2,1
14894.0,2,1,3,1
17434.0,4,4,4,2
15466.0,2,1,2,1
15511.0,4,3,3,2
17846.0,2,1,4,0
16189.0,4,2,1,1
15417.0,2,1,2,1
12995.0,2,2,1,1
14557.0,2,2,1,1
16108.0,2,2,3,0
17144.0,4,2,3,2
16924.0,3,3,3,0
15099.0,2,1,2,1
13323.0,4,3,3,2
14124.0,2,1,2,1
15975.0,2,1,2,1
15523.0,2,1,2,1
16878.0,3,2,1,1
15947.0,2,1,4,0
13247.0,3,3,2,0
13566.0,3,2,3,0
18194.0,2,2,3,0
16689.0,2,2,2,1
16438.0,4,3,3,2
13067.0,2,1,1,1
16460.0,3,2,3,0
13325.0,2,1,3,1
12640.0,3,2,3,0
13774.0,2,1,2,1
12497.0,2,1,3,1
12752.0,2,1,4,0
15504.0,2,1,1,1
15500.0,4,3,3,2
17557.0,4,2,2,0
13228.0,2,1,2,1
14356.0,2,3,3,0
13416.0,3,2,3,0
17628.0,2,1,1,1
16527.0,2,1,1,1
16428.0,2,1,1,1
15341.0,2,1,4,0
16215.0,2,1,1,1
14164.0,2,2,4,0
15888.0,2,2,1,1
17564.0,3,2,2,1
13356.0,2,1,3,1
12390.0,2,1,2,1
18228.0,3,2,3,0
17415.0,2,1,2,1
13350.0,4,2,3,2
12550.0,2,1,3,1
16627.0,2,1,2,1
17475.0,2,1,1,1
14951.0,2,1,2,1
14780.0,2,2,2,1
14887.0,2,1,4,0
15399.0,4,2,3,2
17466.0,4,2,3,2
16379.0,4,3,4,2
17172.0,2,2,2,1
15239.0,4,2,3,2
16213.0,2,1,1,1
15603.0,2,1,1,1
14261.0,2,2,3,0
12657.0,4,3,3,2
15571.0,4,3,3,2
15484.0,4,3,4,2
12936.0,4,3,3,2
16236.0,2,1,2,1
16669.0,3,3,3,0
15398.0,4,2,3,2
12906.0,4,3,4,2
17079.0,2,1,1,1
14125.0,4,2,4,2
17163.0,3,2,1,1
12952.0,4,3,3,2
12579.0,2,2,2,1
13279.0,2,2,1,1
12425.0,2,1,3,1
16715.0,2,1,2,1
13519.0,3,2,1,1
12546.0,3,2,3,0
15744.0,2,1,1,1
13127.0,2,1,1,1
15714.0,4,2,2,0
17480.0,2,2,2,1
15763.0,3,2,3,0
15075.0,2,1,3,1
16978.0,2,1,2,1
14014.0,2,1,2,1
16240.0,4,3,4,2
13336.0,2,1,3,1
14652.0,2,1,1,1
15807.0,3,2,3,0
15762.0,2,2,2,1
15475.0,2,1,2,1
15978.0,2,1,3,1
16485.0,2,1,2,1
12488.0,4,2,3,2
13083.0,4,2,2,0
16169.0,4,3,4,2
17506.0,2,2,2,1
16480.0,2,1,3,1
17006.0,4,3,3,2
17498.0,2,1,1,1
17131.0,4,3,4,2
13536.0,4,4,4,2
15429.0,3,2,2,1
17154.0,2,1,2,1
16594.0,2,1,1,1
16049.0,3,2,3,0
14757.0,2,1,2,1
16198.0,2,1,2,1
13670.0,2,1,2,1
18066.0,2,1,2,1
14806.0,2,1,1,1
12783.0,4,4,3,2
13429.0,4,3,3,2
15154.0,2,2,1,1
13390.0,2,1,2,1
12925.0,4,2,3,2
13927.0,2,1,2,1
18205.0,3,2,2,1
14908.0,2,1,1,1
13639.0,2,1,3,1
15958.0,2,1,1,1
15492.0,3,2,3,0
15243.0,2,1,2,1
16468.0,2,1,1,1
15344.0,4,3,2,2
13866.0,2,1,1,1
12612.0,2,2,2,1
16999.0,3,2,2,1
13514.0,2,1,1,1
13314.0,4,3,2,2
17805.0,2,1,2,1
18278.0,2,1,1,1
13979.0,2,1,3,1
16181.0,2,1,2,1
15568.0,4,2,3,2
16354.0,2,2,2,1
14412.0,3,2,3,0
16119.0,4,2,2,0
14109.0,3,2,1,1
16157.0,4,3,2,2
15348.0,2,1,1,1
16281.0,2,1,4,0
13924.0,4,4,4,2
14434.0,3,4,3,2
13061.0,2,1,1,1
17513.0,2,1,2,1
16909.0,2,2,2,1
16650.0,2,1,2,1
18192.0,2,1,3,1
17447.0,3,2,2,1
17427.0,2,1,1,1
15175.0,2,1,1,1
13960.0,3,2,1,1
17528.0,4,4,4,2
16361.0,4,3,3,2
13886.0,2,1,1,1
13354.0,2,1,3,1
15050.0,3,3,4,2
13503.0,2,1,1,1
16653.0,4,2,3,2
16574.0,2,1,2,1
13759.0,3,2,3,0
17813.0,4,4,4,2
12718.0,2,1,1,1
15949.0,4,2,2,0
12703.0,2,2,1,1
13364.0,2,2,1,1
16268.0,2,2,3,0
18053.0,2,2,2,1
16101.0,4,2,3,2
15565.0,3,2,1,1
18217.0,3,2,2,1
13954.0,4,2,2,0
15593.0,2,1,1,1
13095.0,2,1,1,1
15287.0,3,2,2,1
13347.0,2,1,2,1
15185.0,2,1,2,1
16404.0,2,1,2,1
16613.0,2,1,2,1
16591.0,2,1,1,1
15774.0,2,1,1,1
13558.0,4,3,2,2
16930.0,3,2,2,1
16533.0,3,3,3,0
18059.0,4,3,2,2
14488.0,2,2,3,0
16747.0,3,3,3,0
14333.0,2,2,2,1
13635.0,2,1,3,1
17330.0,3,2,2,1
17321.0,4,2,3,2
14815.0,3,2,3,0
15091.0,2,2,2,1
15088.0,3,2,3,0
15930.0,2,1,2,1
16183.0,2,1,2,1
13297.0,4,3,4,2
13801.0,2,1,2,1
16881.0,2,1,2,1
17014.0,4,3,2,2
15255.0,2,1,3,1
14184.0,2,1,2,1
13351.0,2,1,2,1
15739.0,2,1,2,1
12512.0,2,2,1,1
17957.0,2,1,1,1
15276.0,2,1,1,1
15127.0,2,1,2,1
16106.0,2,1,1,1
17666.0,4,2,3,2
13483.0,2,1,1,1
16478.0,3,2,2,1
17382.0,2,1,1,1
12789.0,2,1,1,1
16020.0,4,2,3,2
17222.0,2,1,2,1
16803.0,2,1,2,1
13947.0,2,1,1,1
16758.0,2,1,2,1
12719.0,4,2,2,0
17647.0,2,1,1,1
14054.0,2,1,1,1
12723.0,4,3,3,2
18033.0,2,1,1,1
13845.0,2,1,2,1
15837.0,2,1,2,1
12628.0,4,3,3,2
13177.0,2,1,1,1
14317.0,2,1,2,1
16295.0,4,3,3,2
13602.0,2,1,2,1
16895.0,2,1,1,1
17295.0,3,2,2,1
13504.0,2,1,2,1
13422.0,2,2,4,0
15264.0,2,1,2,1
16432.0,2,1,1,1
13816.0,3,3,2,0
14518.0,2,1,1,1
13882.0,4,4,3,2
15937.0,2,1,1,1
12923.0,2,1,1,1
17453.0,3,2,2,1
15766.0,2,1,2,1
15300.0,2,1,2,1
13348.0,2,1,1,1
14592.0,3,2,2,1
14792.0,2,2,1,1
17030.0,2,1,1,1
12420.0,2,1,2,1
14427.0,3,2,2,1
12519.0,2,1,2,1
13359.0,2,2,2,1
14138.0,4,2,3,2
15297.0,4,3,2,2
13876.0,2,1,1,1
12740.0,2,1,2,1
17086.0,4,4,4,2
13806.0,2,1,1,1
18096.0,4,2,3,2
13587.0,3,2,2,1
12856.0,4,4,4,2
13419.0,2,1,1,1
17509.0,2,4,4,0
16900.0,4,3,1,1
13689.0,2,1,3,1
13755.0,4,4,4,2
16104.0,2,1,2,1
13259.0,2,1,1,1
16248.0,2,1,1,1
15612.0,3,2,1,1
15787.0,3,2,3,0
16595.0,2,1,2,1
13260.0,2,1,2,1
15821.0,3,2,2,1
18088.0,2,1,1,1
16685.0,2,2,2,1
13193.0,2,1,1,1
13212.0,4,3,3,2
14801.0,2,1,1,1
16380.0,2,1,4,0
16921.0,2,1,1,1
15193.0,2,1,2,1
14027.0,2,1,1,1
16179.0,2,1,1,1
15473.0,4,4,3,2
17425.0,3,2,3,0
18169.0,2,1,1,1
18126.0,2,1,1,1
16688.0,4,3,3,2
16982.0,2,1,2,1
15330.0,3,2,3,0
17186.0,3,2,1,1
13685.0,4,4,4,2
16776.0,2,1,2,1
13980.0,2,1,1,1
13352.0,4,2,2,0
15553.0,2,1,2,1
15886.0,2,1,1,1
17203.0,3,4,4,2
12607.0,2,2,1,1
17459.0,3,2,3,0
12772.0,2,1,3,1
16561.0,4,2,2,0
14121.0,4,4,4,2
12371.0,3,2,4,0
17119.0,4,2,2,0
17620.0,2,1,1,1
12824.0,2,1,2,1
14710.0,4,3,2,2
16120.0,2,3,3,0
14624.0,2,2,1,1
16171.0,2,1,1,1
12536.0,4,3,4,2
13690.0,2,1,1,1
17934.0,2,2,3,0
14642.0,2,1,1,1
12602.0,2,1,1,1
16753.0,2,1,1,1
17737.0,4,2,1,1
13464.0,2,1,3,1
12667.0,2,1,2,1
12498.0,3,2,2,1
14537.0,2,1,2,1
17279.0,2,1,1,1
14251.0,4,3,4,2
12446.0,2,1,3,1
12631.0,2,1,2,1
14234.0,3,3,3,0
14975.0,2,1,1,1
13853.0,4,2,3,2
16773.0,2,1,1,1
16430.0,2,1,2,1
16793.0,2,1,1,1
18130.0,4,3,3,2
17614.0,2,1,2,1
13858.0,2,1,1,1
14856.0,3,2,3,0
14089.0,2,1,1,1
15478.0,3,2,3,0
16413.0,2,1,1,1
13810.0,3,3,3,0
16416.0,3,3,3,0
13006.0,2,1,1,1
17986.0,2,1,1,1
12454.0,2,2,1,1
14910.0,4,4,2,2
16243.0,3,2,2,1
13878.0,2,1,3,1
16934.0,2,2,3,0
15994.0,2,1,2,1
14547.0,4,4,4,2
16052.0,2,1,2,1
15113.0,4,3,4,2
12475.0,2,1,3,1
16542.0,2,1,1,1
18042.0,2,1,1,1
16563.0,2,1,3,1
17201.0,2,1,2,1
17520.0,2,1,2,1
13923.0,2,1,2,1
16412.0,2,1,1,1
17205.0,2,1,2,1
17534.0,2,1,1,1
15335.0,2,1,1,1
16737.0,2,1,2,1
15066.0,3,2,3,0
17206.0,2,1,1,1
17785.0,2,1,1,1
16932.0,2,1,1,1
16363.0,2,1,1,1
14830.0,2,1,1,1
17244.0,2,1,3,1
15355.0,3,2,1,1
15598.0,3,2,1,1
15637.0,2,1,1,1
16848.0,2,1,1,1
15678.0,2,1,2,1
14015.0,2,1,3,1
13594.0,2,1,2,1
15327.0,2,1,1,1
14861.0,2,1,1,1
14554.0,4,3,4,2
12611.0,2,1,3,1
14179.0,3,2,3,0
15604.0,2,1,1,1
14381.0,2,1,1,1
12572.0,4,2,3,2
16123.0,2,1,2,1
16851.0,4,2,2,0
17148.0,2,1,1,1
17549.0,3,2,1,1
17973.0,2,1,2,1
15610.0,2,1,1,1
15853.0,2,1,1,1
18019.0,2,1,1,1
14698.0,4,3,3,2
16826.0,2,1,2,1
17824.0,2,1,2,1
12522.0,3,2,1,1
15803.0,2,1,2,1
15006.0,2,1,2,1
17350.0,4,3,3,2
14799.0,2,1,1,1
15814.0,4,4,4,2
16260.0,2,1,3,1
14638.0,2,1,2,1
17354.0,2,1,3,1
13245.0,2,1,2,1
14923.0,2,1,3,1
16177.0,3,1,2,1
13366.0,3,1,1,1
16284.0,3,2,3,0
16846.0,3,1,1,1
14484.0,3,1,2,1
13897.0,3,1,2,1
14585.0,3,1,1,1
17125.0,3,1,1,1
15836.0,3,2,1,1
16313.0,4,2,1,1
13460.0,3,2,1,1
12403.0,3,2,2,1
14967.0,3,1,2,1
15286.0,3,1,1,1
17832.0,3,1,1,1
12646.0,4,2,3,2
16015.0,4,3,3,2
16311.0,3,2,2,1
15728.0,3,1,1,1
15740.0,3,1,1,1
13974.0,3,1,2,1
15677.0,3,1,3,0
15000.0,3,1,2,1
16017.0,3,1,1,1
13471.0,4,3,4,2
13598.0,3,2,1,1
18005.0,4,2,1,1
15427.0,3,2,3,0
15022.0,4,3,3,2
17111.0,3,1,1,1
17836.0,3,1,1,1
14629.0,4,2,3,2
15592.0,3,1,2,1
15277.0,3,1,1,1
16491.0,3,1,3,0
15516.0,3,2,1,1
14764.0,3,2,1,1
16742.0,3,2,1,1
15142.0,3,1,2,1
17344.0,3,1,1,1
18240.0,3,1,2,1
17081.0,3,2,1,1
14474.0,3,2,2,1
14139.0,3,1,2,1
15844.0,3,1,1,1
13176.0,3,1,2,1
12398.0,3,1,4,0
15345.0,3,2,2,1
16708.0,3,1,3,0
15963.0,3,2,2,1
18045.0,3,1,1,1
13182.0,3,1,1,1
15158.0,3,1,2,1
13028.0,3,2,3,0
13978.0,4,2,1,1
16056.0,3,1,3,0
12812.0,3,1,1,1
16071.0,3,1,2,1
14539.0,4,2,2,0
14550.0,4,2,3,2
17712.0,3,1,2,1
14102.0,4,4,3,2
14598.0,3,1,1,1
15320.0,3,1,1,1
16415.0,3,1,1,1
12448.0,3,1,2,1
12827.0,4,2,2,0
16345.0,3,1,2,1
15993.0,4,4,4,2
17895.0,3,1,1,1
15948.0,4,2,3,2
15659.0,3,1,2,1
18154.0,4,2,2,0
12630.0,4,2,3,2
13363.0,3,2,3,0
18276.0,3,2,2,1
17684.0,3,1,1,1
17878.0,3,1,2,1
14752.0,3,1,2,1
16847.0,3,1,1,1
14971.0,3,2,3,0
17545.0,3,2,2,1
16026.0,3,1,1,1
16513.0,4,3,3,2
12430.0,3,1,1,1
14357.0,3,1,1,1
16855.0,3,2,2,1
16680.0,3,1,1,1
18035.0,3,2,3,0
16648.0,3,2,1,1
16164.0,4,3,3,2
14218.0,3,1,1,1
15096.0,3,1,1,1
18030.0,4,2,1,1
14416.0,3,2,2,1
17839.0,3,1,2,1
16601.0,3,1,1,1
12912.0,4,3,4,2
13278.0,3,1,2,1
14582.0,3,1,1,1
15748.0,3,1,1,1
16079.0,4,2,3,2
17590.0,4,2,3,2
15054.0,4,2,2,0
14158.0,3,1,2,1
15385.0,3,1,2,1
16506.0,3,2,1,1
13822.0,4,2,2,0
18067.0,3,1,2,1
16190.0,3,1,1,1
15444.0,4,2,3,2
13607.0,3,1,3,0
12581.0,3,1,1,1
15360.0,3,1,2,1
13103.0,3,1,1,1
15667.0,3,1,2,1
13651.0,3,2,1,1
12552.0,3,2,2,1
16127.0,3,1,3,0
12588.0,3,1,1,1
15977.0,4,2,3,2
13697.0,3,1,1,1
14345.0,3,1,1,1
17503.0,4,2,2,0
16830.0,3,1,2,1
17495.0,4,2,2,0
12491.0,3,1,2,1
14485.0,3,1,1,1
13868.0,4,2,4,2
15423.0,3,1,1,1
17668.0,4,2,2,0
16971.0,4,2,1,1
16352.0,3,2,2,1
16884.0,3,2,2,1
15830.0,3,2,2,1
14216.0,4,3,4,2
15275.0,3,2,2,1
16790.0,4,4,3,2
15576.0,3,1,3,0
18105.0,3,1,1,1
18164.0,3,2,2,1
14974.0,3,1,1,1
17947.0,3,1,1,1
13318.0,4,2,2,0
18104.0,3,1,3,0
13271.0,3,2,1,1
17595.0,4,2,2,0
14528.0,3,1,2,1
17432.0,3,2,2,1
16337.0,3,1,1,1
14098.0,3,1,1,1
15551.0,3,1,2,1
16347.0,4,2,3,2
13721.0,3,1,2,1
16322.0,4,2,2,0
17403.0,3,1,1,1
16914.0,3,1,1,1
16602.0,3,2,2,1
12544.0,3,2,2,1
13914.0,4,2,2,0
13467.0,4,2,3,2
17221.0,4,2,2,0
17078.0,3,2,2,1
13447.0,3,3,3,0
15010.0,3,1,2,1
18022.0,3,1,3,0
16318.0,3,1,2,1
17274.0,3,1,1,1
15597.0,3,2,2,1
17233.0,3,1,1,1
16887.0,3,1,1,1
13938.0,3,1,1,1
17084.0,3,2,4,0
14882.0,3,2,2,1
15017.0,3,1,1,1
12882.0,4,2,3,2
17387.0,3,2,3,0
13727.0,3,2,2,1
13532.0,3,1,1,1
16445.0,3,1,1,1
15156.0,4,2,3,2
16372.0,3,2,2,1
17608.0,3,2,1,1
12638.0,3,1,3,0
14174.0,3,1,1,1
14039.0,3,1,1,1
13040.0,4,2,3,2
15883.0,4,2,2,0
14664.0,3,2,2,1
15526.0,3,2,1,1
17831.0,3,1,1,1
15025.0,3,1,2,1
12357.0,3,1,4,0
17761.0,3,1,3,0
15870.0,3,1,2,1
14080.0,3,1,1,1
17623.0,3,1,2,1
13673.0,3,2,2,1
14073.0,3,2,1,1
16070.0,3,2,3,0
13066.0,3,2,2,1
14929.0,3,1,1,1
13710.0,3,1,1,1
16732.0,3,1,2,1
14140.0,4,2,3,2
17219.0,3,1,1,1
16505.0,3,1,3,0
15957.0,3,1,2,1
18123.0,3,2,2,1
15043.0,3,1,2,1
17313.0,3,2,4,0
18216.0,3,1,2,1
17022.0,3,1,1,1
15153.0,3,1,2,1
16759.0,4,3,3,2
16751.0,3,1,4,0
12893.0,3,1,1,1
14836.0,4,2,1,1
17011.0,3,1,1,1
12532.0,3,1,2,1
17038.0,3,1,1,1
14968.0,3,1,1,1
12504.0,3,3,1,1
16516.0,3,1,1,1
13522.0,3,1,1,1
15986.0,3,1,1,1
13992.0,3,1,1,1
14354.0,4,2,1,1
16986.0,3,2,4,0
16953.0,3,1,1,1
18274.0,3,2,1,1
15450.0,3,1,2,1
15531.0,4,2,4,2
17500.0,4,2,3,2
17197.0,3,1,3,0
16025.0,3,1,2,1
12659.0,3,1,1,1
17461.0,3,2,3,0
17791.0,3,1,1,1
15463.0,3,1,1,1
17977.0,3,1,1,1
12617.0,3,1,2,1
14863.0,3,1,1,1
16903.0,3,1,2,1
12508.0,3,2,2,1
17502.0,4,3,3,2
12538.0,3,1,2,1
17901.0,3,1,1,1
14789.0,3,1,1,1
18209.0,3,1,1,1
12985.0,4,2,3,2
15557.0,3,1,2,1
16433.0,3,1,1,1
15692.0,3,1,1,1
17052.0,3,1,2,1
16368.0,4,2,2,0
18014.0,3,1,1,1
13732.0,3,1,2,1
13091.0,3,2,2,1
14661.0,3,1,1,1
13170.0,3,1,1,1
15654.0,4,2,3,2
13146.0,3,1,1,1
14788.0,4,2,3,2
13603.0,3,1,1,1
14382.0,3,1,2,1
16720.0,3,1,1,1
14904.0,4,2,3,2
14494.0,3,1,1,1
14902.0,3,2,2,1
16936.0,3,1,1,1
12938.0,3,1,1,1
15168.0,3,1,1,1
17538.0,3,1,1,1
18082.0,3,1,3,0
18117.0,3,1,2,1
15458.0,3,1,1,1
17566.0,4,2,3,2
16207.0,3,1,2,1
12762.0,4,2,4,2
17793.0,3,1,2,1
14953.0,3,1,1,1
16504.0,3,1,2,1
12374.0,3,1,3,0
15009.0,4,2,3,2
16423.0,3,1,2,1
15419.0,3,1,1,1
17510.0,3,1,2,1
15758.0,3,1,1,1
15524.0,3,1,2,1
14725.0,3,1,3,0
14666.0,3,1,1,1
14714.0,3,1,1,1
17153.0,3,1,1,1
12950.0,4,2,4,2
15720.0,3,1,2,1
18181.0,3,1,2,1
15556.0,3,1,1,1
17357.0,3,2,2,1
12890.0,3,1,2,1
13449.0,3,1,1,1
15269.0,3,1,2,1
14385.0,4,2,1,1
15900.0,3,1,2,1
17680.0,3,1,1,1
13926.0,3,1,1,1
16204.0,3,1,2,1
17896.0,3,1,1,1
17835.0,4,2,2,0
15432.0,3,1,1,1
18006.0,3,1,2,1
15657.0,3,1,1,1
17237.0,4,2,2,0
13160.0,3,1,1,1
12847.0,3,1,3,0
17397.0,3,2,3,0
17985.0,3,1,2,1
14362.0,3,1,1,1
13828.0,3,1,1,1
15435.0,3,1,1,1
12445.0,3,1,1,1
12603.0,3,1,3,0
14641.0,3,1,1,1
12618.0,3,1,1,1
15621.0,4,4,3,2
12391.0,3,1,2,1
18034.0,3,2,2,1
17286.0,3,1,1,1
17904.0,3,2,1,1
17301.0,3,1,1,1
15368.0,3,1,2,1
14793.0,4,2,1,1
17650.0,3,1,1,1
12702.0,3,1,1,1
14881.0,3,1,1,1
16784.0,3,1,1,1
14052.0,3,1,1,1
18110.0,3,2,1,1
17561.0,3,1,1,1
15988.0,3,1,1,1
17523.0,4,3,3,2
14950.0,4,2,2,0
16666.0,3,1,1,1
14860.0,4,2,1,1
17636.0,4,2,1,1
13832.0,3,2,1,1
13142.0,3,1,2,1
16366.0,3,1,2,1
14300.0,3,1,1,1
12349.0,3,1,4,0
12658.0,3,1,3,0
12795.0,3,1,2,1
15567.0,3,1,1,1
15645.0,3,1,2,1
16406.0,3,1,1,1
15857.0,3,1,2,1
12984.0,3,1,1,1
17253.0,3,1,1,1
13739.0,3,1,1,1
18139.0,4,4,4,2
15274.0,4,2,3,2
17010.0,4,2,1,1
15115.0,3,1,2,1
17100.0,3,2,3,0
15699.0,3,1,2,1
13403.0,3,1,1,1
16956.0,4,2,1,1
17600.0,3,1,1,1
15877.0,4,2,2,0
14424.0,3,1,2,1
13322.0,4,1,1,1
17297.0,4,1,1,1
13986.0,4,1,2,1
12920.0,4,1,1,1
18249.0,4,1,1,1
15634.0,4,1,1,1
16376.0,4,2,3,2
16811.0,4,2,2,0
12452.0,4,2,2,0
14581.0,4,1,1,1
14675.0,4,1,2,1
17290.0,4,2,2,0
16343.0,4,2,2,0
13638.0,4,1,1,1
16482.0,4,1,1,1
12784.0,4,2,2,0
17458.0,4,1,2,1
14785.0,4,2,1,1
17254.0,4,2,1,1
17767.0,4,1,1,1
15725.0,4,1,2,1
17247.0,4,1,1,1
18184.0,4,1,1,1
15428.0,4,1,1,1
17727.0,4,2,3,2
14756.0,4,1,3,0
16856.0,4,1,1,1
14703.0,4,1,2,1
17385.0,4,1,1,1
12531.0,4,1,1,1
15872.0,4,2,2,0
14966.0,4,1,1,1
17232.0,4,2,2,0
17468.0,4,2,1,1
13332.0,4,1,2,1
14946.0,4,1,1,1
13256.0,4,1,1,1
13596.0,4,2,3,2
16024.0,4,1,1,1
14954.0,4,1,2,1
17885.0,4,1,1,1
14093.0,4,1,2,1
14893.0,4,2,3,2
15721.0,4,1,2,1
17852.0,4,2,1,1
13844.0,4,1,2,1
12479.0,4,2,2,0
12660.0,4,1,1,1
15540.0,4,1,1,1
17379.0,4,1,2,1
16800.0,4,1,3,0
17806.0,4,1,2,1
17359.0,4,1,1,1
13188.0,4,1,1,1
14480.0,4,1,1,1
13349.0,4,1,1,1
15619.0,4,1,2,1
15148.0,4,1,2,1
14601.0,4,1,1,1
15783.0,4,1,1,1
17772.0,4,2,1,1
14126.0,4,3,2,2
16479.0,4,2,2,0
13428.0,4,1,1,1
15790.0,4,1,1,1
13521.0,4,2,3,2
14349.0,4,1,1,1
18058.0,4,1,1,1
12953.0,4,1,2,1
12966.0,4,1,1,1
15060.0,4,3,2,2
17911.0,4,1,2,1
14804.0,4,1,2,1
15904.0,4,1,1,1
16789.0,4,1,1,1
12558.0,4,2,1,1
17942.0,4,1,1,1
12587.0,4,1,1,1
13560.0,4,1,1,1
15539.0,4,1,2,1
13017.0,4,1,1,1
18174.0,4,1,1,1
13153.0,4,1,2,1
15773.0,4,1,2,1
17936.0,4,1,2,1
16535.0,4,1,2,1
16988.0,4,1,1,1
15097.0,4,1,1,1
18015.0,4,1,1,1
16597.0,4,1,1,1
13790.0,4,1,2,1
14219.0,4,1,1,1
12367.0,4,1,1,1
17383.0,4,1,1,1
12478.0,4,1,3,0
15992.0,4,1,1,1
15318.0,4,1,2,1
17914.0,4,1,2,1
16528.0,4,1,1,1
12442.0,4,1,1,1
16569.0,4,1,1,1
12650.0,4,1,2,1
14578.0,4,1,1,1
16000.0,4,2,4,2
15195.0,4,1,4,0
14087.0,4,2,1,1
14204.0,4,1,1,1
15471.0,4,1,2,1
13436.0,4,1,1,1
15520.0,4,1,2,1
13298.0,4,1,2,1
14569.0,4,1,1,1
12713.0,4,1,3,0
